ID,Label,AGE,GENDER,MARITAL_STATUS,MONTHLY_INCOME_WHITHOUT_TAX,LOANTYPE,GAGE_TOTLE_PRICE,APPLY_AMOUNT,APPLY_TERM_TIME,APPLY_INTEREST_RATE,PAYMENT_TYPE
1,1,1,0,0,1,0,0,0,4,2,0
2,1,1,0,1,0,0,0,0,4,3,0
3,1,1,0,1,1,1,3,3,4,2,0
4,0,1,0,2,1,0,3,3,4,1,0
5,0,1,0,2,1,0,3,3,4,2,0
6,1,1,0,0,0,1,0,0,4,0,0
7,0,1,0,1,1,0,2,3,4,1,0
8,0,1,0,0,1,0,2,3,4,1,1
9,0,1,0,0,0,1,0,0,4,1,0
10,1,1,0,0,0,1,0,0,4,0,0
11,1,1,0,1,1,0,0,0,4,2,1
12,0,1,1,2,0,1,0,0,4,2,0
13,1,1,1,0,0,0,0,0,4,0,0
14,1,1,0,0,0,0,0,3,4,0,0
15,0,1,0,2,1,0,2,0,4,1,0
16,1,1,0,2,0,0,3,0,4,2,1
17,1,4,1,0,0,0,0,0,4,1,0
18,0,4,1,2,0,0,3,0,4,1,1
19,1,4,1,0,0,0,0,0,4,0,0
20,1,4,0,2,0,1,0,0,4,2,0
21,1,4,1,2,0,1,0,0,4,0,0
22,1,4,0,0,2,0,0,0,4,2,0
23,1,4,0,0,2,0,0,0,4,2,0
24,1,4,0,2,2,0,2,1,4,2,1
25,1,4,1,2,1,0,3,3,4,0,1
26,1,4,1,0,0,1,0,0,4,1,1
27,0,4,1,2,1,0,0,0,4,1,0
28,1,4,1,2,1,0,2,3,4,2,1
29,1,4,1,1,1,0,3,0,4,0,1
30,0,4,0,2,0,0,2,3,4,1,1
31,1,4,1,2,0,0,0,0,4,2,0
32,0,4,0,2,0,0,0,0,4,2,0
33,1,4,1,2,1,0,0,3,4,0,0
34,0,4,1,0,0,0,0,0,4,1,0
35,0,0,1,2,1,0,2,0,4,1,0
36,1,0,0,2,2,0,4,4,4,0,1
37,0,0,1,0,2,0,0,0,4,2,0
38,1,0,1,2,0,1,0,0,4,0,1
39,1,0,0,0,0,0,0,0,4,2,1
40,0,0,1,2,0,1,3,0,4,2,0
41,1,0,1,1,1,0,0,3,4,0,1
42,1,0,0,2,1,0,0,3,4,0,0
43,1,0,1,2,2,0,0,3,4,0,0
44,1,0,1,2,1,1,3,3,4,2,0
45,1,0,0,2,0,0,0,0,4,3,1
46,0,0,1,0,0,1,0,0,4,2,0
47,1,0,1,2,2,0,2,1,4,2,0
48,1,0,1,2,2,1,2,3,4,0,0
49,1,0,1,2,1,1,0,0,4,2,0
50,1,0,0,0,0,0,0,0,4,2,0
51,1,0,0,2,0,0,2,3,4,3,0
52,0,0,1,0,1,0,3,3,4,2,0
53,0,0,1,0,0,0,2,0,4,2,1
54,1,0,1,1,0,0,0,0,4,3,0
55,1,0,0,2,1,0,0,0,4,2,0
56,0,0,0,2,0,0,3,0,4,1,0
57,1,0,1,0,1,0,0,3,4,0,0
58,1,0,0,0,0,0,2,1,4,0,0
59,0,0,0,2,1,0,3,3,4,2,0
60,1,0,1,0,0,0,0,0,4,2,0
61,0,0,0,0,0,0,3,0,4,1,0
62,1,0,0,2,1,1,0,0,4,2,0
63,0,0,0,2,1,0,3,0,4,1,1
64,1,0,1,2,1,1,0,0,4,0,0
65,1,0,0,2,0,1,0,0,4,2,0
66,1,0,1,2,1,0,3,3,4,2,0
67,1,0,0,2,1,1,3,1,4,0,0
68,1,0,0,2,2,0,0,0,4,0,0
69,1,0,1,0,0,0,3,3,4,2,0
70,1,0,0,2,1,0,3,3,4,3,0
71,1,2,1,2,2,0,0,0,4,0,0
72,1,2,0,0,0,0,0,0,4,0,0
73,1,2,1,2,2,0,0,0,4,2,0
74,0,2,1,0,0,0,3,0,4,2,0
75,0,2,0,2,2,0,4,1,4,1,0
76,1,2,1,0,0,1,0,0,4,0,1
77,1,2,0,2,0,1,3,3,4,3,0
78,1,2,1,0,1,0,3,3,4,0,0
79,0,2,1,0,2,0,2,3,4,1,0
80,1,2,0,0,0,0,0,0,4,0,1
81,0,2,1,2,1,0,1,4,4,2,0
82,1,2,0,1,1,0,0,0,4,2,0
83,1,2,0,1,2,0,2,1,4,0,0
84,1,2,1,2,1,0,0,0,4,2,0
85,1,2,1,2,1,0,0,0,4,0,0
86,1,2,0,1,0,1,0,0,4,2,0
87,0,2,1,2,2,1,0,0,4,2,0
88,0,2,1,2,0,1,0,0,4,2,0
89,1,2,1,2,0,1,3,3,4,2,0
90,0,2,1,2,1,0,0,0,4,2,0
91,0,2,1,2,0,1,3,0,4,1,0
92,0,2,0,2,2,0,2,3,4,2,0
93,0,2,0,1,1,0,3,0,4,1,0
94,1,2,1,2,1,1,0,0,4,0,1
95,0,3,1,2,2,0,0,0,4,2,1
96,1,3,1,2,0,1,0,0,4,2,0
97,1,3,0,0,0,0,2,1,4,1,1
98,1,3,1,2,2,0,1,4,4,2,1
99,0,3,1,2,1,1,2,0,4,2,0
100,0,3,1,2,1,1,0,0,4,2,0
101,0,3,1,2,0,1,0,0,4,1,0
102,1,3,1,2,0,1,0,0,4,0,0
103,1,3,0,2,0,0,0,0,4,0,1
104,0,3,1,2,0,1,0,0,4,2,0
105,1,3,1,2,0,0,0,3,4,0,0
106,0,3,1,2,0,1,0,0,4,2,0
107,1,1,1,0,0,1,0,3,2,3,0
108,1,1,1,0,0,0,0,3,2,0,0
109,1,1,0,0,0,0,0,0,2,1,0
110,1,1,1,0,0,0,0,3,2,0,0
111,0,1,1,0,0,0,3,3,2,2,1
112,0,1,0,0,0,0,0,0,2,1,0
113,0,1,0,0,0,0,3,0,2,1,0
114,1,1,0,0,0,0,0,0,2,3,0
115,0,1,1,1,0,0,3,0,2,1,0
116,1,1,1,0,0,0,0,0,2,0,0
117,1,1,0,1,0,0,0,0,2,0,1
118,0,1,1,0,0,1,0,0,2,1,0
119,0,1,1,0,0,1,0,0,2,1,0
120,0,1,0,2,0,1,0,0,2,1,0
121,0,1,0,2,2,0,2,3,2,1,1
122,1,1,0,2,1,0,0,0,2,2,0
123,1,1,1,0,0,0,0,0,2,3,1
124,1,1,1,0,0,0,0,0,2,0,0
125,1,1,1,0,2,1,0,0,2,2,1
126,0,1,1,0,0,1,0,0,2,2,0
127,0,1,1,1,0,0,0,0,2,2,0
128,1,1,0,0,0,1,0,0,2,3,0
129,1,1,1,2,1,0,0,0,2,3,0
130,0,1,1,2,0,0,3,0,2,1,0
131,0,1,0,2,0,0,0,0,2,1,0
132,0,1,0,2,0,0,3,0,2,1,0
133,1,1,0,0,0,1,0,0,2,0,0
134,1,1,0,2,0,0,0,0,2,2,0
135,1,1,0,2,1,0,3,1,2,3,0
136,0,1,1,0,0,1,0,0,2,1,1
137,1,1,1,0,0,0,0,3,2,2,1
138,0,1,0,0,0,0,3,0,2,1,0
139,1,4,0,0,0,0,0,0,2,3,0
140,0,4,0,0,0,1,0,0,2,2,0
141,0,4,1,0,0,0,0,0,2,2,0
142,1,4,0,1,2,1,2,1,2,0,0
143,0,4,1,0,0,0,2,3,2,1,0
144,0,4,1,2,0,0,3,0,2,2,0
145,0,4,1,0,0,0,3,3,2,1,1
146,1,4,1,0,0,1,0,0,2,0,0
147,0,4,1,0,0,0,0,0,2,1,1
148,0,4,1,0,0,0,0,0,2,2,0
149,0,4,0,1,0,0,3,0,2,1,0
150,1,4,1,0,0,0,0,0,2,0,0
151,1,4,1,2,0,0,0,0,2,0,0
152,1,4,1,0,0,1,0,0,2,0,0
153,0,4,0,1,0,0,0,0,2,1,0
154,0,4,1,2,0,0,3,3,2,1,0
155,1,4,0,2,0,0,0,0,2,3,0
156,0,4,0,1,0,0,3,3,2,2,1
157,1,4,0,2,0,0,0,3,2,0,0
158,0,4,0,0,0,0,0,0,2,1,1
159,1,4,1,2,0,1,0,0,2,0,0
160,0,4,0,2,0,1,0,0,2,1,0
161,0,4,0,2,0,0,3,3,2,1,1
162,1,4,1,0,1,0,3,3,2,0,1
163,1,4,1,0,0,0,0,0,2,3,0
164,0,4,0,0,0,0,0,0,2,2,0
165,0,4,1,2,1,0,3,3,2,2,0
166,0,4,0,2,0,0,0,0,2,1,1
167,1,4,0,2,0,1,0,0,2,2,1
168,0,4,1,2,1,1,3,0,2,2,0
169,1,4,0,1,0,1,0,0,2,0,1
170,1,4,1,2,0,0,0,3,2,0,0
171,1,4,0,0,0,1,0,0,2,2,0
172,0,4,1,0,0,1,2,0,2,1,1
173,0,4,1,0,0,0,3,0,2,1,1
174,0,4,1,0,0,1,3,0,2,1,0
175,0,4,0,0,0,0,3,0,2,2,0
176,0,4,1,0,0,0,3,3,2,1,0
177,1,4,1,2,0,1,0,0,2,2,0
178,0,4,0,2,0,0,0,0,2,2,0
179,0,4,1,2,0,1,0,0,2,2,0
180,0,4,0,2,1,0,3,3,2,1,1
181,0,4,0,1,0,0,3,3,2,1,0
182,0,4,1,2,0,0,3,3,2,1,0
183,0,4,0,2,0,0,0,0,2,1,0
184,1,4,1,0,1,0,0,0,2,0,0
185,1,4,1,0,1,0,0,0,2,0,0
186,1,4,0,2,0,1,0,0,2,0,0
187,0,4,0,0,0,0,3,3,2,2,0
188,0,4,1,2,1,0,3,0,2,2,1
189,1,4,1,0,0,0,3,0,2,3,0
190,1,4,1,2,1,0,3,3,2,0,0
191,0,4,0,2,0,0,2,0,2,2,0
192,0,4,0,2,0,0,0,0,2,1,0
193,0,4,0,2,1,0,4,1,2,1,1
194,0,4,0,2,0,0,3,0,2,1,0
195,0,4,1,2,1,0,3,3,2,1,1
196,1,4,1,2,0,1,3,3,2,3,0
197,0,0,1,2,0,1,3,0,2,1,1
198,1,0,1,2,0,0,0,3,2,1,1
199,0,0,1,0,0,0,0,0,2,1,0
200,1,0,1,2,0,0,3,0,2,2,1
201,1,0,0,2,0,0,3,3,2,3,1
202,1,0,0,0,1,1,3,3,2,3,0
203,1,0,1,2,0,0,0,0,2,0,0
204,1,0,0,2,2,1,3,3,2,0,0
205,1,0,0,2,1,1,0,0,2,0,0
206,1,0,1,0,0,0,0,3,2,2,0
207,1,0,0,2,1,0,0,3,2,3,1
208,1,0,0,2,0,0,0,0,2,3,0
209,0,0,1,2,0,0,2,0,2,1,0
210,1,0,1,2,0,0,3,0,2,3,0
211,1,0,1,2,1,1,2,1,2,0,0
212,1,0,1,2,0,0,0,0,2,3,1
213,0,0,1,2,0,0,3,3,2,2,0
214,0,0,0,2,0,0,3,0,2,1,1
215,0,0,0,0,0,1,0,0,2,1,0
216,0,0,0,2,0,1,0,0,2,2,0
217,0,0,0,2,1,0,3,3,2,1,0
218,1,0,1,2,1,0,3,3,2,0,0
219,0,0,0,1,0,0,3,3,2,1,1
220,0,0,0,0,1,0,3,0,2,2,1
221,0,0,1,2,0,0,3,0,2,1,1
222,0,0,0,1,1,0,2,3,2,2,0
223,1,0,1,2,0,1,0,0,2,0,0
224,1,0,1,2,0,1,0,0,2,0,0
225,0,0,0,2,0,0,3,3,2,1,1
226,0,0,1,0,0,0,3,3,2,1,0
227,1,0,1,2,2,1,3,3,2,2,0
228,1,0,1,2,0,0,0,0,2,3,0
229,1,0,0,2,0,1,0,0,2,3,1
230,0,0,1,0,0,0,0,0,2,1,0
231,0,0,1,2,0,0,2,3,2,1,1
232,0,0,1,0,0,0,3,0,2,2,0
233,1,0,1,0,0,0,0,3,2,0,0
234,1,0,1,0,1,0,3,3,2,3,0
235,1,0,1,2,0,0,0,3,2,3,0
236,0,0,0,1,0,0,3,0,2,1,1
237,1,0,0,2,0,0,3,0,2,0,1
238,0,0,1,2,1,0,2,3,2,2,1
239,1,0,0,2,0,0,3,3,2,0,0
240,1,0,0,2,1,0,2,1,2,0,0
241,0,0,1,2,1,0,3,0,2,2,1
242,0,0,1,1,0,0,2,3,2,2,0
243,0,0,1,2,0,1,0,0,2,2,0
244,0,0,1,2,0,1,0,0,2,2,0
245,0,0,1,2,0,1,0,0,2,1,0
246,0,0,1,2,0,0,3,0,2,1,1
247,1,0,1,2,0,0,3,3,2,0,1
248,0,0,1,2,1,1,4,1,2,2,0
249,0,0,1,2,0,0,3,0,2,1,0
250,0,0,1,0,1,0,3,3,2,1,0
251,0,0,0,0,0,0,3,3,2,1,0
252,0,0,0,2,1,1,0,0,2,2,1
253,1,0,0,2,2,1,3,3,2,3,1
254,1,0,1,2,0,1,0,0,2,0,0
255,0,0,0,2,0,0,0,0,2,2,1
256,1,0,1,0,1,1,3,3,2,2,0
257,1,2,0,2,0,0,0,0,2,3,0
258,0,2,0,2,0,1,3,0,2,1,1
259,0,2,1,2,0,1,0,0,2,1,0
260,0,2,1,0,0,0,3,0,2,1,0
261,0,2,0,2,1,1,0,0,2,2,0
262,1,2,1,2,1,0,0,3,2,3,1
263,0,2,0,2,0,0,2,3,2,1,0
264,1,2,1,1,1,0,3,3,2,0,1
265,1,2,0,0,0,0,0,0,2,2,1
266,0,2,0,2,1,0,2,3,2,1,1
267,1,2,1,2,1,0,3,3,2,2,1
268,1,2,1,0,0,0,0,0,2,3,0
269,0,2,1,2,0,0,3,3,2,2,0
270,1,2,0,2,1,1,0,0,2,0,0
271,1,2,1,2,0,0,0,0,2,0,0
272,0,2,0,2,0,1,0,0,2,2,0
273,1,2,0,2,0,1,2,1,2,3,0
274,0,2,0,2,0,1,0,0,2,3,0
275,1,2,0,2,0,0,3,3,2,0,0
276,0,2,1,2,1,0,3,3,2,1,0
277,1,2,0,1,0,0,0,0,2,3,0
278,1,2,0,1,1,0,3,3,2,0,0
279,0,2,1,2,0,1,0,0,2,2,0
280,1,2,1,2,2,0,0,0,2,1,0
281,1,2,1,2,1,1,0,0,2,0,1
282,0,2,1,2,1,1,3,0,2,1,1
283,0,2,1,2,1,0,3,3,2,1,0
284,0,2,1,2,1,0,2,3,2,1,1
285,0,2,1,2,0,0,3,0,2,2,0
286,1,2,1,2,1,0,3,3,2,3,0
287,1,2,1,1,1,0,0,0,2,2,0
288,1,2,1,0,0,0,0,0,2,0,1
289,1,2,0,2,0,0,0,0,2,0,0
290,0,2,1,2,0,0,2,3,2,2,1
291,1,2,1,2,0,1,0,0,2,2,0
292,0,2,0,1,0,0,3,0,2,1,1
293,1,2,1,2,0,0,0,3,2,0,1
294,0,2,0,2,0,0,3,0,2,2,0
295,1,2,0,2,0,0,0,0,2,3,0
296,0,2,0,2,1,0,3,0,2,1,0
297,1,2,0,2,2,0,0,0,2,3,0
298,1,2,0,2,2,0,0,0,2,3,0
299,1,2,0,1,0,0,3,0,2,0,0
300,1,2,0,2,1,0,3,3,2,1,1
301,1,2,1,2,1,0,3,3,2,0,0
302,1,2,1,2,2,0,2,1,2,0,1
303,1,2,1,2,2,0,2,1,2,2,1
304,0,2,0,2,0,0,2,1,2,2,0
305,0,2,1,2,1,0,3,0,2,1,0
306,1,2,0,0,0,0,3,3,2,0,0
307,0,2,0,2,1,0,2,3,2,1,0
308,1,2,0,2,1,0,2,1,2,2,1
309,0,2,0,2,0,1,0,0,2,2,0
310,0,2,1,2,0,1,0,0,2,2,0
311,1,2,0,2,0,1,0,0,2,3,0
312,1,2,1,2,1,1,2,1,2,2,0
313,1,2,0,2,0,0,3,3,2,0,1
314,1,2,1,2,1,0,3,3,2,3,0
315,1,2,0,0,0,0,3,3,2,3,0
316,1,2,1,2,0,0,0,3,2,0,1
317,1,2,0,1,0,0,0,0,2,0,1
318,0,2,1,2,0,1,0,0,2,2,1
319,0,2,0,2,0,1,3,0,2,2,0
320,0,2,0,2,0,0,3,0,2,2,0
321,0,2,1,0,2,0,0,0,2,2,0
322,0,2,1,2,0,0,2,0,2,1,1
323,1,3,1,2,0,0,3,0,2,0,0
324,1,3,0,0,0,0,0,3,2,0,0
325,1,3,1,2,0,1,3,3,2,2,1
326,1,3,0,2,2,0,2,1,2,0,0
327,0,3,1,2,0,0,2,3,2,1,0
328,0,3,1,0,0,0,4,3,2,1,0
329,0,3,1,2,0,0,2,3,2,1,1
330,1,3,1,2,1,1,0,0,2,3,0
331,1,3,0,2,0,1,3,3,2,3,0
332,0,3,1,2,1,0,2,3,2,1,1
333,0,3,1,1,1,0,3,3,2,1,0
334,0,3,1,1,0,1,3,0,2,2,1
335,0,3,0,2,0,0,0,0,2,1,1
336,1,3,0,2,0,0,0,0,2,2,1
337,1,3,1,2,0,1,0,0,2,0,0
338,1,3,0,2,2,0,2,1,2,1,0
339,0,3,0,2,0,0,3,0,2,2,0
340,1,3,1,2,0,0,3,0,2,0,0
341,1,3,1,2,0,0,0,0,2,2,0
342,0,3,0,1,0,0,0,0,2,2,0
343,1,3,1,2,1,0,0,0,2,3,0
344,0,3,1,2,0,0,2,3,2,2,0
345,1,3,1,2,0,1,0,0,2,3,1
346,1,3,1,1,1,0,3,3,2,0,0
347,1,3,1,2,0,0,0,0,2,2,0
348,0,3,1,1,0,0,3,0,2,1,0
349,1,3,0,0,1,0,0,0,2,0,1
350,1,3,0,0,1,0,0,0,2,0,1
351,1,3,0,0,1,0,0,0,2,0,1
352,1,3,0,2,0,1,3,3,2,0,0
353,0,3,1,1,0,0,3,0,2,1,0
354,1,3,1,2,0,0,0,3,2,2,0
355,0,3,1,2,0,0,3,0,2,2,0
356,0,3,0,2,1,0,2,3,2,1,1
357,1,3,1,2,1,0,0,0,2,0,0
358,1,3,0,1,2,1,0,3,2,0,0
359,1,3,1,0,0,1,3,3,2,0,1
360,0,1,1,0,0,1,0,0,3,2,0
361,0,1,0,0,0,1,0,0,3,1,0
362,0,1,1,1,0,1,0,0,3,1,0
363,0,1,1,0,0,0,3,0,3,1,0
364,1,1,0,0,0,0,0,0,3,2,0
365,0,1,0,2,0,0,3,3,3,2,0
366,0,1,1,0,0,0,3,3,3,1,0
367,1,1,1,0,0,0,0,0,3,2,0
368,1,1,0,2,0,0,0,3,3,0,1
369,1,1,1,0,0,0,0,0,3,2,0
370,0,1,0,0,0,0,0,0,3,1,0
371,0,1,0,1,0,0,0,0,3,1,0
372,0,1,0,2,0,0,3,0,3,1,0
373,0,1,1,0,1,0,3,0,3,1,0
374,0,1,1,2,0,1,0,0,3,1,0
375,1,1,0,0,0,0,0,0,3,0,0
376,0,1,1,0,0,0,2,3,3,1,0
377,0,1,0,0,0,0,0,0,3,1,1
378,0,1,1,0,0,0,3,0,3,2,1
379,1,1,0,0,0,0,0,0,3,0,0
380,0,1,0,2,0,1,0,0,3,1,0
381,0,1,1,0,0,1,0,0,3,1,0
382,0,1,1,2,0,1,0,0,3,2,0
383,0,1,0,2,2,1,0,0,3,1,0
384,0,1,1,0,0,0,0,0,3,1,0
385,0,1,1,0,0,0,0,0,3,1,0
386,1,1,0,0,0,0,0,0,3,3,1
387,1,1,1,2,2,0,0,0,3,1,0
388,0,1,1,0,0,1,0,0,3,1,0
389,0,1,1,0,0,0,3,3,3,2,0
390,0,1,0,2,0,0,3,0,3,1,0
391,0,1,1,0,0,1,3,0,3,1,1
392,0,1,1,0,0,1,0,0,3,1,1
393,0,1,1,0,0,0,3,3,3,1,0
394,0,1,1,1,0,0,3,0,3,1,0
395,0,1,0,2,0,0,3,0,3,2,0
396,0,1,1,0,0,0,0,0,3,2,0
397,0,1,1,0,0,0,3,0,3,1,1
398,1,1,0,1,0,0,0,3,3,0,0
399,0,1,0,0,0,0,0,0,3,2,0
400,1,1,0,2,0,0,0,0,3,0,0
401,0,1,0,0,0,1,0,0,3,1,0
402,1,1,1,0,0,1,0,0,3,0,1
403,0,1,0,1,0,1,0,0,3,2,0
404,0,1,1,2,0,1,0,0,3,1,0
405,0,1,1,0,0,1,3,0,3,1,0
406,0,1,0,0,0,0,0,0,3,1,1
407,0,1,0,2,0,1,0,0,3,2,0
408,0,1,1,0,0,0,0,0,3,2,0
409,1,1,0,1,0,0,0,0,3,2,0
410,1,1,1,2,0,0,0,3,3,0,0
411,1,1,1,2,0,0,0,0,3,2,0
412,1,1,1,0,0,0,0,0,3,3,0
413,0,1,0,2,0,0,0,0,3,2,0
414,0,1,1,0,0,0,3,0,3,1,1
415,1,1,1,0,0,0,0,0,3,0,0
416,0,1,0,0,0,0,3,0,3,1,0
417,1,1,1,0,0,0,0,0,3,0,0
418,0,1,1,0,0,0,0,0,3,1,0
419,1,1,0,1,2,0,0,3,3,1,0
420,1,1,1,0,0,0,0,0,3,0,1
421,0,1,1,1,0,1,0,0,3,2,0
422,0,4,1,2,0,0,0,0,3,1,0
423,1,4,0,0,0,0,0,0,3,0,0
424,1,4,0,2,0,0,0,0,3,3,0
425,0,4,1,2,0,0,0,0,3,1,0
426,0,4,0,0,0,0,3,3,3,2,0
427,1,4,1,2,0,1,0,0,3,0,0
428,1,4,1,2,0,1,0,0,3,3,0
429,0,4,1,0,0,0,3,0,3,1,0
430,0,4,0,2,0,0,3,0,3,2,0
431,1,4,1,0,0,0,0,3,3,2,0
432,1,4,0,2,0,0,0,3,3,2,0
433,0,4,1,2,0,0,0,0,3,1,0
434,0,4,1,2,0,0,3,0,3,1,0
435,0,4,0,0,1,0,3,3,3,2,0
436,0,4,0,2,0,0,3,3,3,1,0
437,1,4,0,0,0,1,0,0,3,0,1
438,0,4,1,0,0,1,0,0,3,1,0
439,1,4,0,0,0,0,0,3,3,2,0
440,0,4,0,0,0,1,0,0,3,1,0
441,0,4,1,2,0,1,0,0,3,1,0
442,0,4,0,2,0,1,0,0,3,2,0
443,0,4,1,0,0,1,0,0,3,2,0
444,0,4,0,1,0,1,0,0,3,1,0
445,0,4,0,2,0,1,3,3,3,1,0
446,1,4,1,0,0,0,0,0,3,0,0
447,0,4,0,0,0,0,0,0,3,1,0
448,0,4,1,2,0,1,0,0,3,1,1
449,0,4,0,0,0,0,3,0,3,1,0
450,1,4,0,2,0,0,0,0,3,0,1
451,1,4,1,0,0,1,0,0,3,0,0
452,1,4,1,2,0,0,0,3,3,1,0
453,1,4,1,0,0,0,0,0,3,2,0
454,0,4,0,0,0,0,0,0,3,2,1
455,0,4,1,0,0,0,0,0,3,1,1
456,0,4,1,0,0,1,0,0,3,2,0
457,1,4,1,2,0,1,0,0,3,3,0
458,0,4,1,1,0,1,0,0,3,2,0
459,0,4,0,0,0,0,3,3,3,1,0
460,0,4,1,2,0,1,0,0,3,1,0
461,1,4,0,2,0,0,0,0,3,3,1
462,0,4,0,2,0,0,3,3,3,1,1
463,1,4,0,2,0,0,3,3,3,2,1
464,0,4,1,2,0,0,2,3,3,1,0
465,0,4,0,2,0,0,3,0,3,2,0
466,1,4,0,2,1,0,3,3,3,3,0
467,1,4,1,0,1,0,2,1,3,3,0
468,0,4,1,1,0,1,3,0,3,2,0
469,1,4,1,0,0,0,0,0,3,2,0
470,0,4,1,2,0,0,3,0,3,1,0
471,1,4,0,2,0,0,0,0,3,0,0
472,1,4,1,2,0,0,0,0,3,2,1
473,0,4,1,0,0,0,0,0,3,2,1
474,0,4,1,0,0,1,0,0,3,1,0
475,0,4,1,2,0,1,0,0,3,2,0
476,1,4,0,2,0,0,0,0,3,0,0
477,0,4,1,0,0,1,3,0,3,1,0
478,1,4,1,0,0,0,3,3,3,3,0
479,0,4,1,2,0,0,3,3,3,1,0
480,1,4,0,2,1,0,0,0,3,3,0
481,0,4,0,0,0,1,0,0,3,2,1
482,1,4,1,2,0,0,0,0,3,2,1
483,0,4,0,2,1,0,3,3,3,1,0
484,1,4,0,0,0,0,0,0,3,2,1
485,0,4,1,2,0,0,3,3,3,2,1
486,1,4,0,2,0,0,0,0,3,3,0
487,1,4,1,2,0,0,0,0,3,2,0
488,1,4,0,2,2,0,2,1,3,1,0
489,1,4,0,2,0,0,0,0,3,2,0
490,0,4,1,2,0,1,0,0,3,1,0
491,0,4,0,2,0,0,3,0,3,2,0
492,1,4,0,0,0,0,3,3,3,0,0
493,1,4,1,2,0,0,3,3,3,0,0
494,0,4,1,2,0,0,3,0,3,1,1
495,0,4,1,1,0,0,3,0,3,1,0
496,1,4,1,2,0,0,0,0,3,0,1
497,1,4,1,2,0,0,0,0,3,1,1
498,0,4,1,1,2,0,3,3,3,1,0
499,1,4,0,0,1,1,2,0,3,3,0
500,1,0,1,0,0,0,0,3,3,0,0
501,1,0,1,2,0,0,0,0,3,3,1
502,0,0,1,2,0,1,0,0,3,2,0
503,1,0,0,1,0,0,0,0,3,3,1
504,0,0,0,0,0,1,3,0,3,1,0
505,1,0,0,0,0,1,0,0,3,0,0
506,0,0,0,2,0,1,3,0,3,1,0
507,1,0,0,2,0,0,0,0,3,2,0
508,0,0,0,2,0,0,3,3,3,1,1
509,0,0,1,0,0,0,3,3,3,2,0
510,0,0,1,2,0,0,3,3,3,1,0
511,0,0,0,2,0,0,3,3,3,1,0
512,0,0,1,2,0,0,0,0,3,2,0
513,1,0,0,2,0,0,0,0,3,2,0
514,0,0,1,2,0,0,0,0,3,1,0
515,1,0,0,2,0,1,0,0,3,3,1
516,0,0,1,2,0,1,0,0,3,1,1
517,0,0,0,2,0,1,0,0,3,2,0
518,1,0,1,2,0,1,0,0,3,2,0
519,0,0,0,0,0,0,0,0,3,2,0
520,1,0,1,0,0,0,3,3,3,2,1
521,0,0,0,0,1,0,3,3,3,2,0
522,0,0,0,2,0,0,3,3,3,1,1
523,1,0,1,0,0,0,0,0,3,0,0
524,0,0,1,2,0,0,0,0,3,2,0
525,0,0,1,2,0,0,3,3,3,1,0
526,1,0,0,2,1,0,0,0,3,0,0
527,1,0,0,1,0,1,0,3,3,0,0
528,0,0,1,2,2,0,3,0,3,1,0
529,0,0,0,0,0,0,3,3,3,1,0
530,0,0,1,2,0,1,0,0,3,1,0
531,0,0,0,2,0,0,3,3,3,2,0
532,1,0,0,2,1,0,3,3,3,1,0
533,1,0,1,2,0,0,0,3,3,0,0
534,0,0,0,2,1,0,3,3,3,2,0
535,1,0,0,2,1,0,0,3,3,2,1
536,0,0,0,1,0,0,0,0,3,2,0
537,0,0,0,0,0,1,0,0,3,1,0
538,1,0,1,0,0,0,3,3,3,2,0
539,0,0,1,0,0,1,3,0,3,2,1
540,1,0,0,0,0,0,0,0,3,0,0
541,1,0,0,0,0,0,0,0,3,0,0
542,0,0,0,2,0,1,3,3,3,2,1
543,0,0,1,2,0,0,3,3,3,2,1
544,0,0,1,2,0,1,0,0,3,2,0
545,0,0,1,2,0,1,0,0,3,1,0
546,0,0,1,2,0,1,0,0,3,1,0
547,1,0,0,2,0,0,0,0,3,3,1
548,1,0,1,0,0,0,2,1,3,0,1
549,1,0,0,2,1,1,0,0,3,0,1
550,1,0,1,0,0,0,0,3,3,0,0
551,0,0,1,2,0,0,3,3,3,1,0
552,1,0,1,2,1,0,2,1,3,2,0
553,1,0,0,0,0,0,0,3,3,2,1
554,1,0,1,2,0,0,0,0,3,3,0
555,1,0,0,2,0,0,0,0,3,3,0
556,0,0,0,2,0,0,3,0,3,1,0
557,1,0,1,2,1,1,0,0,3,3,0
558,0,0,1,2,0,0,0,0,3,2,0
559,1,0,1,2,0,1,3,3,3,3,0
560,0,0,0,2,0,0,2,3,3,1,0
561,0,0,1,0,0,0,3,3,3,1,0
562,0,0,1,2,1,0,2,3,3,1,0
563,1,0,1,2,0,0,0,0,3,2,1
564,0,0,1,2,0,1,0,0,3,2,0
565,1,0,1,0,1,0,2,1,3,0,0
566,0,0,1,2,0,0,0,0,3,1,0
567,0,0,0,1,0,1,0,0,3,1,0
568,0,0,0,2,0,1,0,0,3,1,0
569,0,0,1,2,0,0,0,0,3,2,0
570,1,0,0,1,0,0,0,0,3,1,0
571,0,0,1,1,0,0,3,3,3,1,1
572,0,0,1,1,0,1,0,0,3,2,0
573,0,0,0,0,0,0,3,3,3,1,0
574,0,0,0,2,1,0,2,3,3,2,0
575,0,0,1,2,0,0,3,0,3,1,0
576,0,0,1,2,0,0,3,0,3,2,0
577,1,0,0,2,1,1,0,0,3,0,0
578,0,0,0,2,0,0,4,3,3,1,0
579,0,0,1,2,0,1,0,0,3,2,0
580,1,2,1,2,0,0,0,0,3,3,0
581,0,2,1,1,0,0,0,0,3,1,0
582,0,2,1,2,0,1,0,0,3,2,0
583,0,2,0,2,1,0,3,0,3,1,0
584,0,2,1,2,0,0,3,3,3,1,0
585,0,2,1,2,0,0,3,0,3,1,0
586,0,2,0,2,0,1,0,0,3,2,0
587,1,2,1,2,0,1,0,0,3,3,0
588,1,2,0,2,0,0,3,3,3,2,0
589,1,2,0,2,0,0,0,0,3,3,0
590,1,2,0,1,0,1,0,0,3,3,0
591,0,2,1,2,1,0,2,3,3,1,0
592,1,2,1,2,0,1,0,0,3,0,0
593,0,2,1,2,0,0,4,1,3,1,0
594,1,2,0,2,0,1,0,0,3,3,0
595,0,2,1,2,0,1,0,0,3,1,0
596,0,2,1,2,0,1,0,0,3,1,0
597,0,2,1,2,1,0,0,0,3,3,0
598,0,2,1,1,0,1,0,0,3,2,0
599,1,2,1,2,2,0,0,0,3,2,0
600,0,2,0,2,0,0,2,3,3,2,0
601,0,2,1,2,0,0,3,0,3,1,0
602,1,2,0,2,0,0,0,0,3,1,0
603,1,2,1,0,0,0,0,0,3,0,0
604,1,2,1,2,0,0,0,3,3,0,0
605,1,2,0,1,2,0,0,0,3,0,0
606,0,2,1,2,0,0,0,0,3,1,1
607,1,2,0,2,1,1,3,3,3,0,0
608,1,2,1,2,0,1,0,0,3,3,0
609,1,2,1,2,1,0,2,1,3,3,1
610,0,2,1,2,0,1,0,0,3,1,0
611,1,2,0,2,0,1,0,0,3,3,0
612,0,2,1,1,0,1,0,0,3,1,0
613,0,2,0,0,0,0,0,0,3,2,0
614,1,2,1,2,0,0,0,0,3,3,1
615,1,2,1,2,0,1,0,3,3,0,1
616,1,2,0,2,1,0,3,3,3,3,0
617,1,2,0,1,0,0,0,0,3,2,0
618,0,2,1,2,0,0,2,3,3,1,0
619,0,2,1,0,1,0,3,0,3,1,0
620,0,2,1,1,0,0,0,0,3,1,0
621,0,2,0,0,0,0,0,0,3,1,0
622,0,2,0,2,0,0,3,3,3,2,0
623,0,2,0,0,0,0,3,3,3,2,0
624,0,2,1,1,0,0,2,3,3,2,0
625,1,2,0,2,0,0,0,3,3,3,0
626,0,2,0,2,2,0,1,4,3,1,0
627,1,2,1,2,0,0,0,0,3,2,0
628,0,2,0,0,0,0,3,0,3,1,1
629,0,2,1,2,1,0,2,1,3,2,0
630,0,2,0,2,1,1,4,1,3,1,1
631,1,2,1,2,1,1,3,3,3,0,0
632,0,2,0,2,2,0,3,0,3,2,1
633,0,3,1,2,1,0,3,3,3,1,0
634,0,3,1,0,0,0,0,0,3,1,0
635,1,3,1,2,0,0,3,3,3,3,0
636,1,3,1,1,0,0,0,0,3,1,0
637,0,3,0,2,0,1,0,0,3,2,0
638,1,3,1,2,0,0,0,0,3,0,0
639,0,3,0,2,0,0,3,3,3,1,0
640,1,3,1,1,0,1,3,3,3,3,0
641,0,3,1,2,1,1,2,3,3,2,0
642,1,3,1,2,2,0,0,0,3,3,0
643,1,3,1,2,2,0,0,0,3,3,0
644,1,3,1,2,2,0,0,0,3,3,0
645,1,3,1,2,2,0,0,0,3,3,0
646,1,3,1,2,2,0,0,0,3,3,0
647,1,3,1,2,2,0,0,0,3,3,0
648,0,3,1,1,0,0,3,3,3,1,0
649,0,3,0,2,0,0,3,0,3,2,1
650,0,1,1,0,0,0,3,3,1,1,0
651,0,1,0,2,1,1,2,3,1,2,0
652,1,1,0,0,0,0,0,0,1,3,1
653,0,1,1,0,0,0,3,3,1,2,0
654,0,1,0,0,0,1,2,3,1,1,0
655,1,1,0,1,0,0,0,0,1,0,0
656,0,1,0,0,0,1,3,3,1,2,0
657,0,1,1,0,0,0,0,0,1,2,0
658,1,1,0,1,0,1,3,3,1,3,0
659,0,1,1,0,0,0,0,0,1,1,1
660,0,1,0,0,0,1,2,3,1,2,0
661,1,1,0,1,0,1,3,3,1,2,0
662,0,1,0,0,0,0,0,0,1,2,1
663,0,1,1,0,0,0,2,3,1,1,0
664,0,1,0,0,0,1,3,0,1,1,0
665,0,1,1,0,0,0,3,0,1,1,0
666,1,1,0,0,0,0,0,3,1,0,0
667,1,1,0,0,0,0,3,3,1,2,0
668,0,1,0,0,0,1,2,3,1,2,0
669,0,1,1,0,0,0,3,0,1,1,0
670,1,1,0,0,0,0,0,3,1,0,0
671,1,1,0,0,0,0,0,0,1,2,0
672,0,1,1,0,0,0,3,0,1,1,1
673,1,1,0,2,1,0,0,0,1,0,0
674,1,1,1,0,1,0,0,0,1,2,0
675,1,1,0,0,0,1,0,0,1,1,0
676,0,1,1,0,1,0,2,3,1,1,1
677,0,1,0,0,0,0,0,0,1,1,0
678,1,1,0,0,0,0,0,0,1,3,0
679,0,1,1,0,0,0,3,3,1,1,0
680,1,1,1,0,0,0,4,1,1,0,0
681,0,1,0,0,0,0,0,0,1,1,0
682,0,1,0,2,0,0,0,0,1,2,1
683,0,1,1,0,0,0,3,3,1,2,0
684,0,1,0,2,0,0,0,0,1,2,0
685,1,1,0,0,0,0,0,0,1,0,0
686,1,1,0,0,0,0,0,0,1,0,0
687,0,1,1,0,0,0,2,0,1,1,0
688,0,1,1,0,2,0,0,0,1,2,0
689,0,1,0,0,0,0,3,3,1,2,0
690,0,1,0,2,0,0,3,3,1,1,0
691,1,1,0,0,0,0,0,0,1,0,1
692,1,1,1,1,0,0,3,3,1,2,1
693,0,1,1,0,1,1,4,1,1,2,0
694,0,1,0,0,0,1,3,0,1,2,0
695,0,1,0,2,0,0,3,3,1,2,1
696,0,1,0,0,0,0,0,0,1,1,1
697,1,1,0,2,0,0,0,0,1,3,0
698,0,1,1,2,0,0,0,0,1,1,0
699,0,1,1,0,0,0,3,0,1,2,0
700,0,1,0,0,0,0,0,0,1,1,0
701,0,1,1,0,0,0,0,0,1,1,0
702,1,1,1,0,0,0,0,3,1,0,0
703,1,1,0,0,0,0,0,0,1,0,0
704,0,1,0,2,2,0,3,0,1,2,0
705,1,1,0,2,1,0,0,0,1,1,0
706,0,1,0,2,0,0,3,0,1,1,0
707,1,1,0,0,0,0,3,3,1,0,1
708,0,1,1,0,0,0,0,0,1,1,0
709,0,1,0,0,0,1,3,3,1,2,0
710,0,1,1,0,0,0,3,0,1,1,0
711,1,1,0,0,0,0,0,0,1,2,1
712,0,1,1,0,0,0,3,0,1,1,0
713,0,1,1,0,0,0,3,0,1,1,0
714,0,1,1,0,0,0,3,0,1,1,0
715,0,1,0,1,0,0,3,0,1,1,0
716,0,1,0,2,0,0,2,3,1,2,0
717,0,1,0,0,0,0,2,0,1,2,0
718,0,1,0,0,0,0,0,0,1,1,0
719,0,1,0,2,0,0,3,3,1,1,0
720,0,1,0,0,0,0,0,0,1,1,0
721,1,1,1,0,0,1,3,3,1,1,0
722,1,1,1,2,0,0,0,0,1,3,0
723,0,1,1,0,0,0,0,0,1,1,0
724,1,1,0,0,0,0,0,0,1,0,0
725,1,1,1,0,0,0,0,0,1,1,0
726,1,1,1,0,0,0,0,0,1,2,1
727,1,1,1,0,0,0,0,0,1,3,0
728,1,1,0,2,0,0,2,1,1,0,1
729,1,1,0,0,0,0,0,3,1,0,0
730,0,1,0,0,0,0,3,0,1,1,0
731,0,1,0,2,0,0,3,3,1,1,0
732,0,1,1,0,0,0,3,0,1,2,0
733,1,1,1,0,0,1,3,3,1,3,0
734,0,1,0,0,2,0,3,3,1,1,0
735,1,1,0,2,1,0,0,0,1,3,0
736,0,1,1,0,0,1,3,3,1,1,0
737,1,1,0,0,0,0,0,0,1,2,0
738,1,1,0,1,0,0,0,3,1,0,0
739,1,1,1,0,0,0,3,3,1,1,1
740,0,1,1,0,0,0,3,3,1,1,0
741,0,1,1,0,0,0,3,0,1,1,0
742,0,1,1,0,0,0,3,3,1,1,0
743,0,1,1,0,0,0,3,0,1,2,0
744,1,1,1,0,0,0,0,0,1,2,0
745,1,1,1,0,0,0,0,0,1,0,0
746,0,1,1,0,0,0,3,3,1,1,0
747,0,1,0,0,0,0,0,0,1,2,0
748,0,1,1,0,0,1,3,0,1,2,0
749,1,1,1,0,0,1,0,0,1,0,0
750,1,1,0,0,0,0,0,0,1,1,0
751,0,1,0,0,0,0,3,0,1,1,0
752,1,1,1,2,2,0,0,0,1,1,1
753,0,1,1,2,0,0,3,0,1,1,0
754,0,1,0,2,0,0,3,0,1,1,0
755,0,1,1,0,0,0,3,3,1,2,0
756,0,1,0,0,0,0,3,0,1,2,0
757,1,1,0,0,0,0,0,0,1,1,0
758,0,1,1,0,0,0,3,0,1,1,0
759,0,1,0,2,0,0,3,0,1,2,1
760,1,1,1,0,0,0,3,3,1,0,0
761,1,1,1,1,0,0,3,3,1,0,0
762,0,1,1,1,0,0,3,3,1,1,0
763,0,1,1,0,0,0,3,0,1,1,0
764,0,1,1,2,0,0,0,0,1,2,0
765,0,1,1,2,0,0,3,0,1,1,1
766,0,1,1,2,2,0,3,3,1,1,0
767,0,1,0,2,0,0,2,3,1,1,0
768,0,1,0,2,1,1,2,3,1,1,1
769,1,1,1,0,0,1,0,0,1,3,0
770,0,1,0,2,0,0,0,0,1,1,0
771,0,1,1,0,0,0,3,0,1,1,0
772,0,1,0,1,0,0,0,0,1,1,0
773,0,1,1,0,0,0,0,3,1,1,0
774,1,1,1,1,0,0,0,0,1,3,1
775,1,1,0,0,0,0,3,1,1,3,1
776,1,1,1,0,0,0,0,3,1,0,0
777,0,1,1,0,0,0,3,0,1,1,0
778,0,1,1,0,0,0,0,0,1,1,0
779,0,1,0,1,0,0,0,0,1,1,1
780,0,1,1,0,0,0,3,3,1,1,0
781,0,1,0,2,1,1,2,3,1,1,0
782,1,1,0,1,0,0,0,0,1,3,0
783,0,1,0,1,0,0,0,0,1,2,0
784,0,1,1,2,0,0,3,0,1,1,0
785,1,1,0,2,0,0,0,0,1,3,0
786,0,1,1,0,0,0,3,0,1,1,0
787,0,1,0,1,0,0,0,0,1,2,0
788,1,4,0,2,0,0,0,0,1,3,0
789,0,4,1,1,0,0,0,0,1,1,1
790,1,4,1,0,0,1,0,0,1,0,0
791,0,4,1,0,0,0,3,0,1,2,0
792,1,4,1,0,0,0,0,3,1,0,0
793,0,4,0,0,0,0,3,0,1,1,0
794,1,4,1,2,0,0,0,0,1,1,0
795,0,4,1,0,0,0,3,0,1,2,0
796,0,4,0,2,2,0,3,0,1,1,0
797,1,4,1,0,0,0,3,3,1,3,1
798,1,4,0,0,0,1,0,0,1,1,1
799,1,4,1,1,0,0,0,3,1,2,0
800,0,4,0,0,0,0,3,3,1,1,0
801,0,4,0,0,0,0,0,0,1,1,0
802,1,4,1,0,0,0,0,0,1,0,0
803,0,4,1,1,0,0,3,0,1,2,0
804,1,4,1,0,0,1,0,0,1,1,0
805,0,4,0,0,0,0,3,0,1,2,0
806,0,4,0,2,0,1,3,0,1,1,0
807,1,4,0,1,0,0,0,3,1,3,0
808,0,4,1,0,0,0,0,0,1,1,0
809,0,4,0,1,0,0,3,0,1,1,0
810,1,4,1,2,0,0,0,0,1,0,0
811,0,4,1,0,0,0,3,0,1,1,1
812,1,4,1,0,0,0,0,3,1,2,0
813,1,4,0,0,1,0,0,0,1,3,0
814,1,4,0,0,0,1,0,0,1,3,0
815,1,4,1,1,0,0,0,0,1,2,0
816,1,4,0,2,0,0,0,0,1,3,0
817,0,4,0,2,1,1,3,0,1,2,0
818,0,4,1,1,0,0,0,0,1,1,0
819,1,4,0,0,0,0,0,0,1,0,0
820,0,4,1,0,0,0,3,0,1,1,1
821,0,4,0,1,0,0,0,0,1,1,1
822,1,4,0,1,0,0,0,3,1,2,0
823,1,4,0,2,0,0,3,3,1,0,1
824,1,4,0,0,0,1,3,3,1,0,0
825,0,4,1,0,1,0,0,0,1,2,0
826,0,4,1,0,1,0,3,0,1,2,0
827,0,4,1,2,0,0,3,3,1,1,0
828,0,4,1,2,0,1,0,0,1,1,1
829,0,4,1,0,0,0,2,3,1,1,0
830,0,4,1,2,0,0,3,3,1,1,0
831,0,4,1,0,0,0,3,3,1,1,1
832,0,4,1,0,0,0,2,3,1,1,0
833,1,4,0,0,0,0,0,3,1,2,0
834,1,4,0,0,0,1,0,0,1,3,0
835,1,4,0,2,1,1,0,0,1,0,0
836,0,4,0,0,0,0,0,0,1,2,0
837,0,4,1,0,0,1,3,0,1,1,0
838,1,4,0,2,0,0,0,3,1,0,1
839,0,4,1,2,0,0,0,0,1,1,0
840,1,4,0,2,0,0,0,0,1,2,1
841,1,4,1,0,0,0,0,0,1,3,0
842,1,4,1,0,0,0,0,0,1,3,0
843,1,4,1,0,0,0,0,0,1,3,0
844,0,4,1,0,0,0,3,3,1,1,0
845,0,4,1,0,0,0,3,3,1,1,0
846,1,4,0,0,2,1,2,1,1,3,0
847,0,4,0,2,0,0,0,0,1,1,0
848,0,4,1,2,0,0,2,3,1,2,0
849,0,4,1,2,0,0,3,0,1,2,0
850,1,4,1,0,0,1,0,0,1,3,0
851,1,4,1,0,0,1,0,0,1,2,1
852,0,4,1,2,0,0,0,0,1,1,0
853,0,4,0,2,0,0,3,3,1,1,1
854,1,4,1,0,0,0,0,0,1,2,0
855,1,4,1,0,0,0,3,3,1,2,0
856,1,4,1,0,0,0,0,3,1,1,0
857,0,4,1,0,0,0,3,3,1,1,0
858,1,4,1,2,0,0,0,0,1,3,0
859,0,4,1,2,0,0,3,3,1,2,0
860,0,4,0,2,0,0,0,0,1,1,0
861,1,4,0,2,0,1,0,3,1,2,1
862,1,4,0,0,0,0,0,0,1,2,0
863,0,4,0,2,0,0,0,0,1,2,0
864,0,4,1,2,0,0,3,3,1,1,1
865,0,4,1,2,0,0,0,0,1,1,0
866,1,4,0,2,2,1,4,4,1,0,0
867,0,4,1,0,0,0,3,0,1,1,0
868,0,4,1,2,0,0,3,3,1,1,0
869,0,4,0,2,0,1,0,0,1,1,0
870,0,4,0,2,0,0,3,3,1,2,0
871,0,4,0,2,0,0,3,0,1,1,0
872,1,4,1,2,0,0,0,0,1,0,0
873,1,4,1,2,0,0,0,0,1,1,1
874,1,4,0,1,0,0,0,3,1,1,1
875,1,4,0,1,0,0,0,0,1,2,1
876,1,4,1,2,0,0,0,0,1,0,0
877,0,4,0,1,0,0,0,0,1,2,0
878,0,4,1,0,0,0,3,3,1,1,1
879,0,4,0,0,1,0,3,3,1,1,0
880,1,4,1,0,0,0,0,0,1,3,0
881,0,4,1,0,0,0,3,3,1,1,0
882,0,4,0,0,0,0,3,3,1,1,0
883,0,4,1,2,0,0,3,3,1,1,0
884,0,4,0,0,0,0,0,0,1,1,1
885,0,4,1,0,0,0,3,0,1,1,0
886,1,4,1,0,0,0,0,3,1,0,0
887,0,4,1,0,0,0,3,0,1,1,0
888,0,4,1,1,0,0,3,0,1,1,1
889,0,4,0,0,0,0,0,0,1,1,0
890,1,4,1,0,0,0,0,0,1,3,0
891,1,4,0,0,0,0,0,0,1,3,0
892,1,4,0,0,0,0,0,0,1,0,0
893,0,4,1,2,0,0,0,0,1,2,0
894,0,4,1,2,0,0,3,3,1,1,0
895,0,4,1,1,0,0,3,3,1,1,0
896,1,4,0,1,0,0,0,0,1,0,0
897,0,4,0,0,0,0,0,0,1,2,0
898,1,4,1,2,0,0,0,3,1,3,0
899,1,4,0,0,0,0,0,0,1,1,0
900,1,4,0,0,0,0,0,0,1,0,0
901,0,4,1,2,0,0,0,0,1,1,0
902,1,4,1,0,2,1,1,4,1,3,0
903,0,4,0,2,2,0,3,3,1,2,1
904,1,4,0,1,0,0,0,0,1,1,1
905,0,4,1,0,0,0,3,0,1,1,0
906,0,4,1,0,0,0,0,0,1,1,1
907,1,4,1,1,0,0,3,3,1,0,0
908,0,4,0,0,0,0,0,0,1,1,0
909,0,4,0,2,0,0,3,0,1,1,0
910,1,4,0,0,0,0,0,0,1,1,0
911,1,4,0,1,0,0,0,0,1,3,0
912,1,4,0,2,0,1,0,0,1,2,0
913,1,4,1,0,0,0,0,0,1,0,0
914,0,4,1,2,0,0,2,3,1,1,0
915,1,4,1,2,1,0,3,3,1,0,0
916,0,4,1,2,0,0,3,3,1,1,0
917,1,4,0,1,0,0,0,3,1,2,1
918,1,4,1,0,0,0,0,0,1,3,0
919,0,4,1,1,0,0,3,0,1,2,0
920,0,4,0,1,0,0,0,0,1,1,1
921,1,4,1,2,0,0,0,3,1,2,0
922,0,4,1,2,0,0,3,3,1,2,0
923,0,4,0,2,1,0,3,3,1,2,0
924,1,4,0,0,0,0,0,0,1,0,1
925,1,4,1,2,0,1,3,0,1,3,0
926,1,4,1,2,0,1,2,3,1,3,0
927,1,4,0,2,0,0,0,0,1,0,0
928,1,4,1,2,0,0,0,0,1,2,1
929,0,4,1,2,0,0,3,0,1,1,0
930,0,4,1,2,0,0,0,0,1,1,0
931,1,4,1,2,0,1,0,3,1,0,0
932,1,4,0,1,0,1,0,0,1,2,0
933,0,4,1,2,0,1,3,0,1,1,0
934,1,0,1,1,0,0,0,0,1,2,0
935,0,0,0,2,0,0,0,0,1,1,0
936,0,0,1,2,0,0,0,0,1,2,0
937,1,0,0,2,0,0,0,0,1,3,0
938,1,0,0,2,1,0,0,0,1,0,1
939,0,0,0,2,0,0,3,0,1,1,1
940,1,0,1,2,1,0,2,1,1,0,1
941,1,0,1,2,0,0,0,0,1,1,0
942,1,0,1,0,0,0,0,0,1,2,0
943,1,0,1,2,0,0,0,0,1,1,0
944,1,0,1,0,0,1,0,0,1,3,0
945,0,0,1,2,0,0,2,3,1,1,0
946,0,0,1,0,0,1,3,0,1,1,0
947,0,0,0,2,2,0,3,3,1,1,0
948,1,0,1,0,0,0,0,3,1,0,0
949,1,0,1,2,0,0,0,3,1,3,0
950,0,0,0,0,0,0,2,3,1,1,0
951,1,0,0,0,0,0,3,3,1,0,0
952,1,0,0,2,0,0,0,3,1,1,0
953,0,0,1,2,0,0,3,0,1,2,0
954,1,0,0,2,0,0,0,0,1,1,1
955,0,0,0,2,0,0,0,0,1,1,0
956,0,0,0,0,0,0,0,0,1,1,0
957,1,0,1,2,0,0,0,0,1,0,0
958,1,0,1,1,0,1,0,0,1,0,0
959,0,0,1,2,0,0,3,3,1,1,0
960,0,0,0,2,0,0,3,3,1,1,0
961,0,0,0,0,1,1,0,0,1,2,0
962,1,0,0,2,0,0,0,0,1,0,0
963,0,0,1,0,0,0,3,3,1,1,0
964,1,0,1,1,0,0,0,0,1,0,1
965,1,0,1,1,0,1,3,0,1,1,0
966,0,0,0,1,0,0,0,0,1,2,0
967,0,0,1,2,0,0,0,0,1,1,1
968,1,0,0,2,0,0,0,0,1,0,0
969,0,0,0,0,2,0,1,2,1,1,0
970,1,0,1,2,1,0,1,2,1,1,0
971,0,0,0,2,0,1,2,3,1,2,0
972,1,0,1,2,0,0,0,3,1,0,0
973,0,0,1,2,0,0,0,0,1,1,0
974,0,0,0,2,1,0,3,0,1,1,1
975,1,0,0,2,0,0,0,0,1,0,0
976,1,0,0,1,0,0,0,0,1,3,1
977,1,0,0,2,0,1,0,0,1,3,0
978,0,0,0,2,0,0,0,0,1,1,0
979,0,0,1,2,0,0,3,0,1,2,0
980,0,0,1,0,0,0,3,3,1,1,0
981,0,0,1,0,0,0,3,0,1,1,0
982,1,0,0,2,1,0,0,3,1,0,0
983,1,0,0,2,1,1,0,0,1,0,0
984,1,0,0,2,0,0,0,0,1,3,0
985,0,0,1,2,0,0,0,0,1,1,0
986,0,0,0,2,0,0,0,0,1,1,1
987,0,0,1,2,0,0,3,0,1,1,1
988,0,0,0,2,1,0,3,3,1,1,0
989,0,0,1,2,0,0,3,0,1,2,1
990,0,0,1,0,0,0,2,3,1,2,1
991,0,0,0,2,0,0,0,0,1,2,0
992,0,0,1,2,0,0,0,0,1,2,0
993,1,0,1,0,0,0,0,0,1,2,0
994,1,0,1,2,0,0,0,0,1,0,0
995,0,0,1,2,0,1,3,0,1,2,0
996,0,0,1,0,0,0,0,0,1,2,0
997,0,0,0,0,0,0,0,0,1,1,1
998,0,0,0,0,0,0,3,0,1,1,0
999,0,0,1,0,0,0,3,0,1,2,0
1000,1,0,0,0,0,0,0,0,1,1,0
1001,1,0,0,1,0,0,0,0,1,0,0
1002,1,0,1,2,0,0,0,3,1,1,1
1003,0,0,1,2,0,0,4,1,1,2,0
1004,0,0,0,0,0,0,0,0,1,1,0
1005,1,0,0,2,1,1,3,3,1,3,0
1006,1,0,0,0,0,0,0,3,1,2,0
1007,0,0,1,2,0,0,0,0,1,2,0
1008,0,0,0,2,0,0,3,3,1,1,0
1009,1,0,1,0,0,1,0,0,1,3,0
1010,1,0,1,2,0,0,0,0,1,0,0
1011,1,0,0,2,1,0,0,0,1,0,0
1012,1,0,1,1,2,1,0,3,1,2,0
1013,0,0,1,2,1,0,3,0,1,1,1
1014,1,0,1,2,1,0,3,3,1,1,1
1015,1,0,1,2,0,1,3,3,1,3,0
1016,1,0,1,1,0,0,0,0,1,3,1
1017,0,0,1,0,1,0,3,3,1,1,1
1018,0,0,0,0,0,0,0,0,1,2,0
1019,0,0,0,1,0,0,2,3,1,1,0
1020,0,0,0,2,1,0,2,3,1,1,0
1021,0,0,0,2,0,0,3,0,1,1,0
1022,0,0,0,1,0,0,3,0,1,1,0
1023,0,0,1,2,0,1,2,3,1,1,0
1024,1,0,0,0,0,0,0,0,1,1,1
1025,1,0,1,1,0,0,0,0,1,0,0
1026,1,0,1,2,0,0,0,0,1,3,0
1027,0,0,0,2,0,0,3,3,1,1,0
1028,1,0,1,2,0,1,0,0,1,0,1
1029,1,0,1,2,1,0,2,1,1,3,0
1030,0,0,0,1,0,0,3,0,1,1,0
1031,1,0,1,2,1,1,0,0,1,1,0
1032,1,0,1,2,0,0,0,0,1,0,0
1033,0,0,0,2,0,0,3,3,1,1,0
1034,0,0,0,1,0,0,3,3,1,2,0
1035,0,0,1,2,0,0,2,3,1,1,0
1036,0,0,1,2,2,0,4,1,1,1,0
1037,0,0,0,2,0,1,3,0,1,3,0
1038,0,0,1,2,0,0,3,0,1,1,1
1039,0,0,1,2,0,0,0,0,1,1,0
1040,0,0,1,1,0,0,3,0,1,2,1
1041,0,0,0,2,1,0,3,3,1,1,0
1042,1,0,0,2,0,0,0,0,1,0,1
1043,0,0,1,2,1,1,2,3,1,2,1
1044,1,0,1,2,0,0,0,0,1,0,0
1045,1,0,0,2,1,0,2,1,1,0,0
1046,0,0,0,1,0,0,0,0,1,2,0
1047,0,0,1,2,0,0,0,0,1,1,0
1048,1,0,0,2,0,1,3,0,1,0,0
1049,1,0,1,2,1,1,0,0,1,3,0
1050,0,0,1,2,0,0,2,3,1,1,1
1051,1,0,0,2,2,1,2,1,1,1,1
1052,1,0,0,1,0,1,0,0,1,3,1
1053,1,0,0,2,0,1,0,0,1,3,0
1054,0,0,0,0,0,0,3,3,1,2,0
1055,0,0,0,2,0,0,0,0,1,2,0
1056,0,0,1,2,1,1,4,1,1,1,0
1057,1,0,0,2,0,1,3,0,1,0,0
1058,1,0,1,2,2,1,0,0,1,3,0
1059,1,0,1,2,0,0,0,3,1,0,0
1060,0,0,0,2,0,0,3,0,1,1,0
1061,0,0,0,2,1,0,3,0,1,1,0
1062,0,0,0,2,0,1,3,0,1,1,0
1063,0,0,1,2,0,0,0,0,1,1,1
1064,1,0,1,0,0,0,0,0,1,1,0
1065,1,0,0,0,0,0,0,0,1,0,1
1066,1,0,1,2,2,0,2,1,1,3,1
1067,0,0,1,2,0,0,3,3,1,1,1
1068,1,0,1,2,2,0,0,0,1,0,0
1069,1,0,1,2,0,0,0,0,1,2,0
1070,1,0,0,0,0,0,0,0,1,1,0
1071,1,0,1,1,0,0,0,0,1,0,0
1072,1,0,0,2,1,0,3,3,1,2,0
1073,0,0,1,1,0,0,3,3,1,1,1
1074,0,0,0,2,1,0,2,3,1,1,0
1075,1,0,0,1,0,1,0,0,1,3,0
1076,1,0,1,2,0,0,3,3,1,2,0
1077,0,0,1,2,0,0,3,0,1,2,0
1078,1,0,0,2,0,0,0,3,1,0,0
1079,1,0,1,2,1,1,3,3,1,0,0
1080,0,0,0,2,1,0,3,3,1,2,1
1081,0,0,0,2,1,0,4,1,1,2,0
1082,1,2,0,2,0,0,0,3,1,0,0
1083,0,2,1,1,2,0,3,0,1,1,1
1084,0,2,1,0,0,0,3,3,1,1,0
1085,0,2,1,2,0,0,3,3,1,1,0
1086,1,2,1,2,0,0,0,0,1,2,0
1087,0,2,0,2,0,1,0,0,1,1,0
1088,0,2,1,2,0,0,3,0,1,1,0
1089,0,2,1,2,0,0,3,3,1,1,0
1090,0,2,1,2,1,0,2,1,1,1,0
1091,0,2,0,2,2,0,4,1,1,1,0
1092,0,2,1,2,0,0,3,3,1,1,0
1093,1,2,1,2,0,1,0,0,1,1,0
1094,1,2,0,2,1,0,3,3,1,3,0
1095,1,2,1,2,0,0,3,3,1,3,0
1096,1,2,1,2,0,0,0,0,1,3,0
1097,0,2,0,2,2,1,2,3,1,2,0
1098,0,2,1,2,1,0,0,0,1,1,0
1099,0,2,0,2,1,1,2,3,1,2,0
1100,0,2,0,0,0,0,0,0,1,1,0
1101,0,2,0,0,0,0,0,0,1,1,0
1102,1,2,0,0,0,0,0,0,1,3,0
1103,1,2,1,0,0,0,0,0,1,0,0
1104,0,2,1,2,1,0,2,3,1,1,0
1105,0,2,1,2,1,0,3,3,1,1,0
1106,1,2,0,2,0,0,0,3,1,3,0
1107,0,2,0,2,0,1,3,0,1,1,0
1108,1,2,1,2,2,0,2,1,1,1,0
1109,1,2,0,2,2,1,4,1,1,3,0
1110,1,2,0,1,0,0,0,0,1,1,0
1111,1,2,0,2,0,0,0,0,1,3,1
1112,0,2,1,2,1,0,2,3,1,2,0
1113,1,2,1,1,1,0,0,0,1,1,0
1114,0,2,1,2,0,0,3,3,1,2,0
1115,0,2,0,0,2,0,0,0,1,2,0
1116,1,2,0,2,0,1,0,0,1,0,0
1117,0,2,0,2,2,1,0,0,1,2,0
1118,0,2,0,2,2,1,0,0,1,3,0
1119,1,2,1,2,2,1,0,3,1,2,0
1120,0,2,1,2,1,0,2,3,1,1,0
1121,1,2,0,2,1,0,0,0,1,2,0
1122,0,2,1,2,1,1,4,1,1,2,1
1123,0,2,1,0,0,0,3,3,1,1,0
1124,1,2,0,1,0,0,0,0,1,0,0
1125,1,2,0,2,0,0,2,1,1,3,1
1126,0,2,0,0,0,0,0,0,1,1,1
1127,0,2,1,1,1,0,0,0,1,2,0
1128,1,2,1,1,0,0,0,0,1,2,0
1129,1,2,1,1,0,0,0,0,1,2,0
1130,0,2,0,1,0,0,0,0,1,1,0
1131,1,2,0,2,1,0,2,1,1,1,0
1132,1,2,1,2,1,1,0,0,1,3,0
1133,0,2,1,2,0,1,3,0,1,1,0
1134,0,2,1,2,0,1,0,0,1,1,0
1135,0,2,1,2,2,1,2,3,1,2,0
1136,0,2,0,2,0,0,0,0,1,1,0
1137,0,2,1,0,0,0,3,3,1,1,1
1138,0,2,1,2,0,0,3,3,1,1,0
1139,1,2,0,2,1,1,3,3,1,3,0
1140,0,2,1,0,0,0,3,3,1,1,0
1141,0,2,0,1,0,0,2,1,1,1,0
1142,0,2,1,1,0,0,3,0,1,1,0
1143,0,2,1,2,0,0,0,0,1,2,0
1144,1,2,1,2,0,0,0,0,1,0,0
1145,0,2,1,2,2,1,2,1,1,2,0
1146,0,2,1,2,2,0,4,1,1,1,0
1147,0,2,0,2,0,0,3,3,1,1,0
1148,1,2,1,2,2,1,0,0,1,0,0
1149,1,2,1,2,2,1,0,0,1,0,0
1150,0,2,1,0,0,0,0,0,1,1,0
1151,0,2,1,0,0,0,3,0,1,1,0
1152,0,2,0,2,0,0,3,3,1,2,0
1153,1,2,1,1,0,0,0,0,1,2,0
1154,0,2,0,2,0,0,3,3,1,1,0
1155,0,2,1,2,1,0,0,0,1,1,0
1156,1,2,1,2,1,0,0,3,1,0,0
1157,0,2,1,2,0,0,3,3,1,1,0
1158,1,2,0,0,0,0,3,3,1,1,1
1159,1,2,1,2,0,1,0,0,1,3,0
1160,0,2,1,2,0,0,3,3,1,2,0
1161,1,2,0,0,0,0,0,0,1,3,0
1162,0,2,0,2,0,0,3,3,1,2,0
1163,1,2,1,2,0,0,0,0,1,3,0
1164,0,2,1,2,0,0,0,0,1,2,0
1165,0,2,1,1,0,0,0,0,1,1,0
1166,1,2,1,2,2,0,2,1,1,0,1
1167,0,2,0,2,0,0,3,3,1,1,0
1168,1,2,1,2,1,1,3,3,1,1,1
1169,1,2,1,2,0,0,0,0,1,1,0
1170,1,2,0,2,2,1,3,3,1,3,0
1171,1,2,1,0,0,0,3,3,1,3,0
1172,0,2,1,0,0,0,3,0,1,1,0
1173,0,2,1,2,2,1,0,0,1,3,0
1174,1,2,0,1,0,0,0,0,1,0,0
1175,1,2,0,2,0,0,0,0,1,3,0
1176,0,2,1,2,0,0,3,0,1,1,1
1177,0,2,1,2,0,0,3,0,1,2,1
1178,0,2,1,2,0,1,3,0,1,1,0
1179,0,2,1,2,1,0,0,0,1,2,0
1180,0,2,1,2,1,0,3,3,1,2,0
1181,1,2,0,2,0,0,2,3,1,0,1
1182,0,2,0,1,0,0,0,0,1,2,0
1183,0,2,1,2,1,0,3,3,1,1,0
1184,0,2,1,2,0,1,3,0,1,2,0
1185,0,2,0,2,1,0,4,1,1,1,0
1186,0,2,1,2,1,0,3,0,1,2,0
1187,0,2,1,2,1,0,3,0,1,1,0
1188,0,2,1,2,0,0,3,0,1,2,0
1189,1,3,0,2,2,0,2,1,1,3,1
1190,1,3,1,2,0,0,0,0,1,0,0
1191,0,3,1,2,1,0,3,0,1,2,0
1192,0,3,1,2,1,0,3,0,1,2,0
1193,0,3,1,0,0,0,2,3,1,1,0
1194,1,1,0,1,0,1,0,0,0,0,0
1195,0,1,1,0,0,0,3,3,0,2,0
1196,1,1,0,0,0,0,0,0,0,2,1
1197,0,4,1,2,0,0,3,0,0,1,0
1198,0,4,0,2,0,0,3,0,0,1,0
1199,1,4,1,2,1,0,2,1,0,0,1
1200,1,4,1,2,0,0,0,3,0,1,0
1201,0,0,1,2,0,0,0,0,0,2,1
1202,0,0,1,2,0,0,3,3,0,1,1
1203,1,0,0,0,0,1,0,0,0,0,0
1204,1,0,1,0,0,0,0,0,0,1,0
1205,0,0,0,2,0,0,0,0,0,1,0
1206,1,0,0,0,0,0,0,3,0,3,1
1207,0,0,0,2,2,0,0,0,0,1,0
1208,0,0,1,2,1,0,3,3,0,2,0
1209,0,0,1,2,2,0,4,1,0,2,1
1210,1,0,0,2,0,0,0,0,0,0,0
1211,0,0,1,2,1,0,3,0,0,2,0
1212,1,0,0,2,0,0,0,0,0,3,0
1213,1,0,0,2,0,0,0,0,0,3,0
1214,1,0,0,2,0,0,0,0,0,2,0
1215,1,0,1,1,0,0,0,0,0,0,0
1216,0,0,1,0,0,0,3,3,0,1,1
1217,0,0,0,2,2,0,1,4,0,2,0
1218,0,0,0,2,1,0,3,1,0,1,1
1219,0,0,1,1,0,0,0,0,0,2,0
1220,0,0,0,2,0,0,0,0,0,1,1
1221,1,0,0,1,0,0,3,3,0,3,0
1222,0,0,1,0,1,0,2,3,0,2,0
1223,1,0,0,2,0,0,3,3,0,2,0
1224,0,0,0,2,0,0,3,0,0,1,1
1225,0,2,1,1,0,0,3,0,0,2,0
1226,1,2,1,0,0,0,3,3,0,1,0
1227,0,2,1,2,0,0,3,3,0,2,0
1228,0,2,1,0,0,0,3,0,0,1,0
1229,0,2,1,2,0,0,3,3,0,1,0
1230,1,2,1,2,0,0,0,3,0,3,0
1231,1,2,1,2,0,1,0,0,0,2,0
1232,0,2,1,2,1,0,4,1,0,2,0
1233,0,2,1,2,0,0,4,1,0,1,1
1234,0,2,1,1,2,0,4,1,0,2,0
1235,1,2,1,2,0,1,0,0,0,3,0
1236,0,2,1,1,0,0,3,3,0,2,0
1237,0,2,1,2,0,0,0,0,0,2,0
1238,0,2,1,2,0,0,0,0,0,2,0
1239,1,2,1,2,0,0,0,0,0,2,0
1240,1,4,0,2,0,0,0,0,0,2,0
1241,1,0,0,1,0,0,3,3,0,0,0
1242,1,0,0,1,2,0,0,0,0,0,0
1243,1,0,0,2,0,0,3,3,0,0,0
1244,0,0,0,2,0,0,3,0,0,1,0
1245,1,0,1,0,0,0,3,3,0,2,0
1246,0,0,0,2,2,0,4,1,0,1,0
1247,1,0,0,2,0,0,0,0,0,2,0
1248,0,1,1,0,1,0,3,3,0,1,0
1249,0,1,1,0,2,0,3,3,0,2,0
1250,0,1,1,0,1,0,4,1,0,1,0
1251,1,1,1,0,0,0,0,0,0,0,0
1252,0,1,0,2,0,0,3,3,0,1,0
1253,1,1,0,0,0,0,0,0,0,0,1
1254,0,1,0,0,0,0,0,0,0,1,1
1255,1,1,1,0,0,0,0,0,0,3,1
1256,0,1,0,2,0,0,3,0,0,1,0
1257,1,1,0,0,0,0,3,3,0,0,0
1258,1,1,0,0,0,0,0,0,0,0,0
1259,0,1,1,0,0,0,3,3,0,1,0
1260,0,1,0,0,0,0,3,3,0,1,0
1261,1,1,0,2,0,0,0,3,0,0,0
1262,1,1,1,0,0,0,3,3,0,0,0
1263,1,1,0,0,0,0,0,3,0,3,0
1264,1,1,0,0,0,0,0,3,0,0,1
1265,0,1,1,0,0,0,3,0,0,1,1
1266,1,1,1,0,0,0,0,0,0,0,1
1267,1,1,1,0,0,0,0,0,0,3,0
1268,1,1,1,1,0,0,0,0,0,3,0
1269,0,1,0,0,0,0,0,0,0,1,0
1270,0,1,0,0,0,0,3,3,0,2,0
1271,1,1,0,0,0,0,0,0,0,0,0
1272,0,1,1,2,0,0,0,0,0,1,0
1273,1,1,1,0,0,0,0,0,0,2,0
1274,0,1,0,0,0,0,3,0,0,2,0
1275,0,1,1,0,2,0,3,0,0,1,0
1276,0,1,0,0,0,0,3,0,0,1,0
1277,0,1,1,0,0,0,3,0,0,1,0
1278,0,1,1,0,0,0,3,0,0,1,0
1279,1,1,1,0,0,0,0,0,0,3,0
1280,0,1,1,0,0,0,3,3,0,1,1
1281,1,1,0,0,0,0,0,3,0,0,0
1282,0,1,0,0,0,0,3,0,0,1,1
1283,0,1,0,0,0,0,3,3,0,1,0
1284,0,1,1,0,0,0,3,3,0,2,0
1285,0,1,1,0,0,0,3,0,0,2,0
1286,0,1,1,0,0,0,3,0,0,1,0
1287,0,1,0,0,0,0,3,3,0,1,1
1288,1,1,0,2,0,0,0,0,0,3,0
1289,1,1,1,2,0,0,2,3,0,0,0
1290,0,1,1,0,0,0,0,0,0,2,0
1291,1,1,0,2,0,0,0,0,0,3,0
1292,1,1,1,2,0,0,0,0,0,3,0
1293,0,1,1,0,0,0,3,0,0,1,1
1294,0,1,0,0,0,0,0,0,0,1,0
1295,1,1,0,2,0,0,0,0,0,1,0
1296,1,1,0,0,0,0,0,3,0,0,0
1297,1,1,0,2,2,0,4,4,0,2,1
1298,1,1,1,0,0,0,0,3,0,0,0
1299,0,1,1,2,0,0,3,0,0,1,0
1300,0,1,0,2,1,0,4,1,0,1,0
1301,1,1,1,0,0,0,0,0,0,3,1
1302,1,1,0,0,0,0,0,0,0,1,1
1303,0,1,1,0,0,0,3,3,0,1,0
1304,1,1,1,2,0,0,3,3,0,3,1
1305,0,4,1,1,0,0,3,3,0,1,0
1306,1,4,0,2,0,0,0,3,0,1,0
1307,1,4,0,1,0,0,0,0,0,2,0
1308,0,4,0,1,0,0,3,3,0,1,1
1309,0,4,1,1,0,0,3,0,0,1,0
1310,1,4,1,0,0,0,0,0,0,0,0
1311,0,4,0,0,0,0,0,0,0,2,0
1312,0,4,1,0,0,0,3,3,0,1,0
1313,1,4,1,2,0,0,0,0,0,2,0
1314,0,4,0,1,0,0,3,3,0,1,1
1315,1,4,0,2,0,0,0,0,0,0,1
1316,1,4,1,2,1,0,2,1,0,3,0
1317,1,4,1,0,0,0,0,0,0,2,0
1318,1,4,1,1,1,0,0,0,0,2,0
1319,0,4,0,0,0,0,3,0,0,1,0
1320,0,4,0,2,0,0,0,0,0,1,0
1321,1,4,0,2,0,0,3,3,0,0,1
1322,1,4,0,0,0,0,0,3,0,3,0
1323,0,4,1,0,0,0,3,0,0,1,1
1324,0,4,1,0,1,0,3,0,0,1,0
1325,1,4,0,0,0,0,3,3,0,0,0
1326,0,4,0,2,0,0,0,0,0,1,0
1327,0,4,0,2,0,0,3,3,0,1,0
1328,0,4,0,2,0,0,3,3,0,1,0
1329,0,4,1,2,0,0,3,0,0,1,1
1330,0,4,1,2,0,0,3,3,0,2,0
1331,1,4,0,0,0,0,0,0,0,2,0
1332,1,4,0,0,0,0,0,0,0,3,0
1333,0,4,0,2,1,0,4,1,0,2,1
1334,1,4,1,0,0,0,0,0,0,2,0
1335,0,4,1,2,0,0,3,3,0,1,0
1336,0,4,1,0,0,0,3,3,0,1,0
1337,0,4,1,0,0,0,3,3,0,2,0
1338,1,4,1,2,0,0,0,0,0,0,0
1339,1,4,1,2,1,0,0,3,0,3,0
1340,0,4,0,2,0,0,2,3,0,1,1
1341,0,4,1,0,0,0,0,0,0,2,1
1342,0,4,1,2,0,0,0,0,0,2,0
1343,0,4,1,2,0,0,0,0,0,3,0
1344,0,4,1,1,0,0,0,0,0,1,0
1345,0,4,0,1,0,0,3,0,0,1,0
1346,0,4,1,2,0,0,0,0,0,1,0
1347,0,4,1,1,0,0,0,0,0,1,1
1348,1,4,0,0,0,0,0,0,0,0,0
1349,1,4,1,2,0,0,0,0,0,3,0
1350,0,4,0,0,0,0,3,3,0,1,0
1351,1,4,0,0,0,0,2,1,0,3,0
1352,1,4,1,2,0,0,3,3,0,0,0
1353,1,4,1,0,0,0,3,3,0,3,0
1354,1,4,0,2,0,0,0,3,0,2,0
1355,0,4,1,1,0,0,0,0,0,1,0
1356,0,4,0,0,0,0,3,0,0,2,0
1357,0,4,1,2,2,0,4,1,0,2,0
1358,1,4,0,0,1,0,2,1,0,0,1
1359,1,4,1,2,0,0,2,3,0,1,0
1360,0,4,1,2,0,0,0,0,0,2,0
1361,0,4,0,1,2,0,0,0,0,2,0
1362,1,4,0,1,2,0,0,0,0,3,0
1363,0,4,0,2,0,0,3,3,0,2,0
1364,0,4,0,2,1,0,4,1,0,1,0
1365,1,4,0,1,0,0,0,0,0,3,1
1366,0,4,1,0,0,0,3,0,0,1,0
1367,1,4,1,0,0,0,0,3,0,0,0
1368,1,4,1,2,0,0,0,0,0,2,0
1369,0,4,0,2,0,0,3,3,0,2,0
1370,0,4,0,0,0,0,3,3,0,2,0
1371,0,4,1,2,0,0,3,3,0,1,1
1372,0,4,1,2,0,0,3,0,0,1,0
1373,0,4,0,0,0,0,0,0,0,1,0
1374,0,4,0,2,0,0,3,3,0,2,0
1375,1,0,1,0,0,0,2,1,0,3,1
1376,0,0,1,2,0,0,3,3,0,1,0
1377,0,0,1,2,2,0,3,0,0,2,0
1378,1,0,1,2,2,0,0,0,0,0,0
1379,1,0,1,0,0,0,0,0,0,0,0
1380,0,0,1,0,1,0,2,1,0,2,0
1381,0,0,0,0,0,0,3,3,0,1,0
1382,0,0,1,0,0,0,2,3,0,2,0
1383,0,0,0,2,0,0,3,3,0,1,0
1384,1,0,1,2,0,0,0,0,0,0,0
1385,0,0,1,0,0,0,3,0,0,1,0
1386,1,0,1,0,0,0,0,3,0,0,0
1387,1,0,1,2,0,0,3,3,0,2,0
1388,0,0,0,0,0,0,3,3,0,1,0
1389,1,0,1,0,0,0,3,3,0,2,0
1390,0,0,0,0,0,0,3,3,0,2,1
1391,1,0,0,2,0,0,0,0,0,3,0
1392,1,0,1,2,0,0,3,3,0,0,0
1393,1,0,0,2,0,1,3,3,0,2,0
1394,0,0,0,2,0,1,0,0,0,2,0
1395,1,0,1,1,0,0,0,0,0,0,0
1396,1,0,0,2,0,1,0,0,0,3,0
1397,1,0,0,2,2,0,2,1,0,1,0
1398,1,0,1,0,0,0,0,3,0,2,0
1399,0,0,0,2,0,0,3,0,0,1,0
1400,1,0,1,1,0,0,0,0,0,3,0
1401,0,0,1,2,1,0,4,1,0,1,1
1402,1,0,0,0,0,0,0,0,0,1,0
1403,1,0,0,2,0,0,3,3,0,0,0
1404,1,0,1,0,1,0,3,3,0,3,0
1405,0,0,0,2,1,0,3,3,0,1,0
1406,0,0,1,0,0,0,3,3,0,1,0
1407,1,0,1,0,1,0,0,0,0,3,0
1408,1,0,0,0,1,0,2,1,0,2,0
1409,0,0,1,1,0,0,2,3,0,1,0
1410,0,2,0,2,0,1,3,0,0,2,0
1411,0,2,1,2,0,0,3,3,0,1,0
1412,1,2,1,2,1,0,3,1,0,2,0
