prob_predict,y,y_predict,AGE,GENDER,MARITAL_STATUS,MONTHLY_INCOME_WHITHOUT_TAX,LOANTYPE,GAGE_TOTLE_PRICE,APPLY_AMOUNT,APPLY_TERM_TIME,APPLY_INTEREST_RATE,PAYMENT_TYPE
0.35859243024913373,1,1.0,1,0,0,1,0,0,0,4,2,0
1.3022132251173815,1,1.0,1,0,1,0,0,0,0,4,3,0
0.42363626247335734,1,1.0,1,0,1,1,1,1,2,4,2,0
-1.1124325197163907,-1,-1.0,1,0,2,1,0,1,2,4,1,0
-1.450568237727807,-1,-1.0,1,0,2,1,0,1,2,4,2,0
0.274434057458528,1,1.0,1,0,0,0,1,0,0,4,0,0
-1.7453410548262587,-1,-1.0,1,0,1,1,0,2,2,4,1,0
-1.6550117638064694,-1,-1.0,1,0,0,1,0,2,2,4,1,1
-2.0786645464213374,-1,-1.0,1,0,0,0,1,0,0,4,1,0
0.274434057458528,1,1.0,1,0,0,0,1,0,0,4,0,0
0.5821008685692822,1,1.0,1,0,1,1,0,0,0,4,2,1
-1.0888339618811336,-1,-1.0,1,1,2,0,1,0,0,4,2,0
0.2567769766416621,1,1.0,1,1,0,0,0,0,0,4,0,0
0.9529161611726444,1,1.0,1,0,0,0,0,0,2,4,0,0
-1.4601101049124219,-1,-1.0,1,0,2,1,0,2,0,4,1,0
0.38023912236828805,1,1.0,1,0,2,0,0,1,0,4,2,1
1.0371152375046262,1,1.0,4,1,0,0,0,0,0,4,1,0
-1.2424137008928173,-1,-1.0,4,1,2,0,0,1,0,4,1,1
0.8197026893509217,1,1.0,4,1,0,0,0,0,0,4,0,0
0.380024485603318,1,1.0,4,0,2,0,1,0,0,4,2,0
0.7484854504629604,1,1.0,4,1,2,0,1,0,0,4,0,0
0.49317632136464973,1,1.0,4,0,0,2,0,0,0,4,2,0
0.49317632136464973,1,1.0,4,0,0,2,0,0,0,4,2,0
0.7207441387170377,1,1.0,4,0,2,2,0,2,1,4,2,1
0.7641823026405239,1,1.0,4,1,2,1,0,1,2,4,0,1
0.7149768736242912,1,1.0,4,1,0,0,1,0,0,4,1,1
-1.3598860221282223,-1,-1.0,4,1,2,1,0,0,0,4,1,0
0.6448853617206448,1,1.0,4,1,2,1,0,2,2,4,2,1
0.6085260746580745,1,1.0,4,1,1,1,0,1,0,4,0,1
-1.4730228046937959,-1,-1.0,4,0,2,0,0,2,2,4,1,1
0.8296608211798663,1,1.0,4,1,2,0,0,0,0,4,2,0
-0.23346261398109625,-1,-1.0,4,0,2,0,0,0,0,4,2,0
1.0832547584067547,1,1.0,4,1,2,1,0,0,2,4,0,0
1.0371152375046262,-1,1.0,4,1,0,0,0,0,0,4,1,0
-1.5059523921840487,-1,-1.0,0,1,2,1,0,2,0,4,1,0
1.1049188122812073,1,1.0,0,0,2,2,0,2,1,4,0,1
-1.2921165625490623,-1,-1.0,0,1,0,2,0,0,0,4,2,0
0.7166430506769235,1,1.0,0,1,2,0,1,0,0,4,0,1
1.0259789621577176,1,1.0,0,0,0,0,0,0,0,4,2,1
-0.9798728653954054,-1,-1.0,0,1,2,0,1,1,0,4,2,0
0.5301057316760608,1,1.0,0,1,1,1,0,0,2,4,0,1
0.9138725651356043,1,1.0,0,0,2,1,0,0,2,4,0,0
0.3453689012585797,1,1.0,0,1,2,2,0,0,2,4,0,0
1.086073717662441,1,1.0,0,1,2,1,1,1,2,4,2,0
0.8933926212475571,1,1.0,0,0,2,0,0,0,0,4,3,1
-0.9969452596773932,-1,-1.0,0,1,0,0,1,0,0,4,2,0
0.6953515401405538,1,1.0,0,1,2,2,0,2,1,4,2,0
0.13742404705783756,1,1.0,0,1,2,2,1,2,2,4,0,0
1.0263875479871043,1,1.0,0,1,2,1,1,0,0,4,2,0
0.46500160599903884,1,1.0,0,0,0,0,0,0,0,4,2,0
0.5166373425482264,1,1.0,0,0,2,0,0,2,2,4,3,0
-0.6150851675632091,-1,-1.0,0,1,0,1,0,1,2,4,2,0
-0.9282229977764614,-1,-1.0,0,1,0,0,0,2,0,4,2,1
0.5926266771731042,1,1.0,0,1,1,0,0,0,0,4,3,0
0.39624620118294496,1,1.0,0,0,2,1,0,0,0,4,2,0
-1.4863008548369614,-1,-1.0,0,0,2,0,0,1,0,4,1,0
0.24845169900740804,1,1.0,0,1,0,1,0,0,2,4,0,0
0.3645723252035206,1,1.0,0,0,0,0,0,2,1,4,0,0
-0.6535616326737571,-1,-1.0,0,0,2,1,0,1,2,4,2,0
0.7489985632316397,1,1.0,0,1,0,0,0,0,0,4,2,0
-1.739870280063028,-1,-1.0,0,0,0,0,0,1,0,4,1,0
0.8700491690892741,1,1.0,0,0,2,1,1,0,0,4,2,0
-1.0285191478173394,-1,-1.0,0,0,2,1,0,1,0,4,1,1
0.31050737954238405,1,1.0,0,1,2,1,1,0,0,4,0,0
0.66962946279866,1,1.0,0,0,2,0,1,0,0,4,2,0
0.7160927112486671,1,1.0,0,1,2,1,0,1,2,4,2,0
0.156412210372032,1,1.0,0,0,2,1,1,1,1,4,0,0
0.04013090661108812,1,1.0,0,0,2,2,0,0,0,4,0,0
0.5932627655010804,1,1.0,0,1,0,0,0,1,2,4,2,0
-0.21324166367230107,1,-1.0,0,0,2,1,0,1,2,4,3,0
0.6730753622894305,1,1.0,2,1,2,2,0,0,0,4,0,0
0.11765892081608229,1,1.0,2,0,0,0,0,0,0,4,0,0
0.7897023518631037,1,1.0,2,1,2,2,0,0,0,4,2,0
-1.4759285614323852,-1,-1.0,2,1,0,0,0,1,0,4,2,0
-1.783774624475141,-1,-1.0,2,0,2,2,0,2,1,4,1,0
0.10868881987948717,1,1.0,2,1,0,0,1,0,0,4,0,1
0.31182402779830876,1,1.0,2,0,2,0,1,1,2,4,3,0
0.747306629742758,1,1.0,2,1,0,1,0,1,2,4,0,0
-1.1275028920538892,-1,-1.0,2,1,0,2,0,2,2,4,1,0
0.01713290191913592,1,1.0,2,0,0,0,0,0,0,4,0,1
-1.5229020795617212,-1,-1.0,2,1,2,1,0,2,1,4,2,0
0.34549147354478293,1,1.0,2,0,1,1,0,0,0,4,2,0
0.5259903181003731,1,1.0,2,0,1,2,0,2,1,4,0,0
0.13264543254948663,1,1.0,2,1,2,1,0,0,0,4,2,0
1.2609462300655956,1,1.0,2,1,2,1,0,0,0,4,0,0
0.29214876009963836,1,1.0,2,0,1,0,1,0,0,4,2,0
-0.6812302019793605,-1,-1.0,2,1,2,2,1,0,0,4,2,0
-1.478324817623831,-1,-1.0,2,1,2,0,1,0,0,4,2,0
0.5369502101267092,1,1.0,2,1,2,0,1,1,2,4,2,0
0.13264543254948663,-1,1.0,2,1,2,1,0,0,0,4,2,0
-1.4222618402833853,-1,-1.0,2,1,2,0,1,1,0,4,1,0
-1.584413909051778,-1,-1.0,2,0,2,2,0,2,2,4,2,0
-1.2715648047964707,-1,-1.0,2,0,1,1,0,1,0,4,1,0
0.2744804843026457,1,1.0,2,1,2,1,1,0,0,4,0,1
-0.9532908089832757,-1,-1.0,3,1,2,2,0,0,0,4,2,1
-0.641951855535299,1,-1.0,3,1,2,0,1,0,0,4,2,0
0.7743832803713295,1,1.0,3,0,0,0,0,2,1,4,1,1
0.6203471937892376,1,1.0,3,1,2,2,0,2,1,4,2,1
-1.3994912809262243,-1,-1.0,3,1,2,1,1,2,0,4,2,0
-1.396494728007163,-1,-1.0,3,1,2,1,1,0,0,4,2,0
-1.1834717248477975,-1,-1.0,3,1,2,0,1,0,0,4,1,0
0.967384639274512,1,1.0,3,1,2,0,1,0,0,4,0,0
0.24092070384013897,1,1.0,3,0,2,0,0,0,0,4,0,1
-0.641951855535299,-1,-1.0,3,1,2,0,1,0,0,4,2,0
1.548535587051959,1,1.0,3,1,2,0,0,0,2,4,0,0
-0.641951855535299,-1,-1.0,3,1,2,0,1,0,0,4,2,0
0.8648652157862943,1,1.0,1,1,0,0,1,0,2,2,3,0
0.2800021531158563,1,1.0,1,1,0,0,0,0,2,2,0,0
0.4217297747659362,1,1.0,1,0,0,0,0,0,0,2,1,0
0.2800021531158563,1,1.0,1,1,0,0,0,0,2,2,0,0
-0.9020859795406041,-1,-1.0,1,1,0,0,0,1,2,2,2,1
0.4217297747659362,-1,1.0,1,0,0,0,0,0,0,2,1,0
-1.3451706058271402,-1,-1.0,1,0,0,0,0,1,0,2,1,0
0.6952480269486065,1,1.0,1,0,0,0,0,0,0,2,3,0
-1.700616861399269,-1,-1.0,1,1,1,0,0,1,0,2,1,0
0.7749766366725069,1,1.0,1,1,0,0,0,0,0,2,0,0
0.25409567697515,1,1.0,1,0,1,0,0,0,0,2,0,1
-1.8551771153207623,-1,-1.0,1,1,0,0,1,0,0,2,1,0
-1.8551771153207623,-1,-1.0,1,1,0,0,1,0,0,2,1,0
-0.7989004410235323,-1,-1.0,1,0,2,0,1,0,0,2,1,0
-0.9877138612128671,-1,-1.0,1,0,2,2,0,2,2,2,1,1
1.6066401302546214,1,1.0,1,0,2,1,0,0,0,2,2,0
1.3663876558035013,1,1.0,1,1,0,0,0,0,0,2,3,1
0.7749766366725069,1,1.0,1,1,0,0,0,0,0,2,0,0
0.7806178508942256,1,1.0,1,1,0,2,1,0,0,2,2,1
-1.5080727190504277,-1,-1.0,1,1,0,0,1,0,0,2,2,0
0.2569086835866156,-1,1.0,1,1,1,0,0,0,0,2,2,0
0.026205326767349726,1,1.0,1,0,0,0,1,0,0,2,3,0
0.8352116564211494,1,1.0,1,1,2,1,0,0,0,2,3,0
-1.0878823617304332,-1,-1.0,1,1,2,0,0,1,0,2,1,0
0.18940836750091397,-1,1.0,1,0,2,0,0,0,0,2,1,0
-0.92583424800901,-1,-1.0,1,0,2,0,0,1,0,2,1,0
0.1535927410218253,1,1.0,1,0,0,0,1,0,0,2,0,0
0.9776370280660829,1,1.0,1,0,2,0,0,0,0,2,2,0
0.33005290373539486,1,1.0,1,0,2,1,0,1,1,2,3,0
-1.1707178203577089,-1,-1.0,1,1,0,0,1,0,0,2,1,1
0.6652140076510593,1,1.0,1,1,0,0,0,0,2,2,2,1
-1.3451706058271402,-1,-1.0,1,0,0,0,0,1,0,2,1,0
1.3451882087453848,1,1.0,4,0,0,0,0,0,0,2,3,0
0.43135138582869176,-1,1.0,4,0,0,0,1,0,0,2,2,0
0.013586242641144313,-1,1.0,4,1,0,0,0,0,0,2,2,0
0.04446258619489797,1,1.0,4,0,1,2,1,2,1,2,0,0
-0.8199506452282215,-1,-1.0,4,1,0,0,0,2,2,2,1,0
-0.932732618310608,-1,-1.0,4,1,2,0,0,1,0,2,2,0
-0.37615005055486594,-1,-1.0,4,1,0,0,0,1,2,2,1,1
-0.011854701321405552,1,-1.0,4,1,0,0,1,0,0,2,0,0
-0.16390690952326797,-1,-1.0,4,1,0,0,0,0,0,2,1,1
0.013586242641144313,-1,1.0,4,1,0,0,0,0,0,2,2,0
-0.7385067396401874,-1,-1.0,4,0,1,0,0,1,0,2,1,0
0.06402382404725124,1,1.0,4,1,0,0,0,0,0,2,0,0
0.15281338590819077,1,1.0,4,1,2,0,0,0,0,2,0,0
-0.011854701321405552,1,-1.0,4,1,0,0,1,0,0,2,0,0
-0.05698709591582356,-1,-1.0,4,0,1,0,0,0,0,2,1,0
-0.7895286489068979,-1,-1.0,4,1,2,0,0,1,2,2,1,0
0.4896500674827384,1,1.0,4,0,2,0,0,0,0,2,3,0
-0.015404894193209345,-1,-1.0,4,0,1,0,0,1,2,2,2,1
0.10792994346520042,1,1.0,4,0,2,0,0,0,2,2,0,0
-0.09726392256052714,-1,-1.0,4,0,0,0,0,0,0,2,1,1
-0.13228863334826824,1,-1.0,4,1,2,0,1,0,0,2,0,0
-0.5480389649846895,-1,-1.0,4,0,2,0,1,0,0,2,1,0
-0.16512829941384988,-1,-1.0,4,0,2,0,0,1,2,2,1,1
-0.06909414950856355,1,-1.0,4,1,0,1,0,1,2,2,0,1
0.5897733120387996,1,1.0,4,1,0,0,0,0,0,2,3,0
0.5712255434255493,-1,1.0,4,0,0,0,0,0,0,2,2,0
-0.5517322467607987,-1,-1.0,4,1,2,1,0,1,2,2,2,0
0.033306379782633136,-1,1.0,4,0,2,0,0,0,0,2,1,1
0.011097513027200356,1,1.0,4,0,2,0,1,0,0,2,2,1
-0.2931374594369403,-1,-1.0,4,1,2,1,1,1,0,2,2,0
-0.05014171344739121,1,-1.0,4,0,1,0,1,0,0,2,0,1
0.16015295249453454,1,1.0,4,1,2,0,0,0,2,2,0,0
0.43135138582869176,1,1.0,4,0,0,0,1,0,0,2,2,0
-1.8974679160452659,-1,-1.0,4,1,0,0,1,2,0,2,1,1
-0.8071743271472841,-1,-1.0,4,1,0,0,0,1,0,2,1,1
-0.7892569421339458,-1,-1.0,4,1,0,0,1,1,0,2,1,0
-0.023076493880890368,-1,-1.0,4,0,0,0,0,1,0,2,2,0
-0.5557513123785127,-1,-1.0,4,1,0,0,0,1,2,2,1,0
-0.216891349640359,1,-1.0,4,1,2,0,1,0,0,2,2,0
0.18120286036426092,-1,1.0,4,0,2,0,0,0,0,2,2,0
-0.216891349640359,-1,-1.0,4,1,2,0,1,0,0,2,2,0
-0.18084892679517814,-1,-1.0,4,0,2,1,0,1,2,2,1,1
-0.35969135299293087,-1,-1.0,4,0,1,0,0,1,2,2,1,0
-0.7895286489068979,-1,-1.0,4,1,2,0,0,1,2,2,1,0
-0.2358780594441524,-1,-1.0,4,0,2,0,0,0,0,2,1,0
0.03203161357102303,1,1.0,4,1,0,1,0,0,0,2,0,0
0.03203161357102303,1,1.0,4,1,0,1,0,0,0,2,0,0
-0.12107609330307888,1,-1.0,4,0,2,0,1,0,0,2,0,0
-0.17498084939015268,-1,-1.0,4,0,0,0,0,1,2,2,2,0
-0.2575427057402844,-1,-1.0,4,1,2,1,0,1,0,2,2,1
0.19370955173180784,1,1.0,4,1,0,0,0,1,0,2,3,0
-0.06561406798693259,1,-1.0,4,1,2,1,0,1,2,2,0,0
-1.0700104390033567,-1,-1.0,4,0,2,0,0,2,0,2,2,0
-0.2358780594441524,-1,-1.0,4,0,2,0,0,0,0,2,1,0
-0.24067495236817593,-1,-1.0,4,0,2,1,0,2,1,2,1,1
-0.9562381512898028,-1,-1.0,4,0,2,0,0,1,0,2,1,0
-0.7133216386195708,-1,-1.0,4,1,2,1,0,1,2,2,1,1
0.2592500381563839,1,1.0,4,1,2,0,1,1,2,2,3,0
-0.4131860322517523,-1,-1.0,0,1,2,0,1,1,0,2,1,1
-0.04375505299353972,1,-1.0,0,1,2,0,0,0,2,2,1,1
-0.1797342282565838,-1,-1.0,0,1,0,0,0,0,0,2,1,0
-0.18512794978598598,1,-1.0,0,1,2,0,0,1,0,2,2,1
-0.025893843893938173,1,-1.0,0,0,2,0,0,1,2,2,3,1
0.050030548676213704,1,1.0,0,0,0,1,1,1,2,2,3,0
-0.008602377098872047,1,-1.0,0,1,2,0,0,0,0,2,0,0
0.12903027688417712,1,1.0,0,0,2,2,1,1,2,2,0,0
-0.025317941978157194,1,-1.0,0,0,2,1,1,0,0,2,0,0
0.2924845949417009,1,1.0,0,1,0,0,0,0,2,2,2,0
0.032747726996973786,1,1.0,0,0,2,1,0,0,2,2,3,1
0.41710904316747227,1,1.0,0,0,2,0,0,0,0,2,3,0
-0.5737688066434204,-1,-1.0,0,1,2,0,0,2,0,2,1,0
0.15182591276558033,1,1.0,0,1,2,0,0,1,0,2,3,0
-0.03548146518699211,1,-1.0,0,1,2,1,1,2,1,2,0,0
0.3054951675081923,1,1.0,0,1,2,0,0,0,0,2,3,1
-0.019365020477724263,-1,-1.0,0,1,2,0,0,1,2,2,2,0
-0.37933545825284243,-1,-1.0,0,0,2,0,0,1,0,2,1,1
-0.4415894307136141,-1,-1.0,0,0,0,0,1,0,0,2,1,0
0.09993231011143221,-1,1.0,0,0,2,0,1,0,0,2,2,0
0.4869918071662747,-1,1.0,0,0,2,1,0,1,2,2,1,0
0.2167524162464615,1,1.0,0,1,2,1,0,1,2,2,0,0
-0.5303119939224844,-1,-1.0,0,0,1,0,0,1,2,2,1,1
-0.07789141658210547,-1,-1.0,0,0,0,1,0,1,0,2,2,1
-0.5988024078601126,-1,-1.0,0,1,2,0,0,1,0,2,1,1
-0.4667749822877624,-1,-1.0,0,0,1,1,0,2,2,2,2,0
-0.11578412875357919,1,-1.0,0,1,2,0,1,0,0,2,0,0
-0.11578412875357919,1,-1.0,0,1,2,0,1,0,0,2,0,0
-0.05902861906621497,-1,-1.0,0,0,2,0,0,1,2,2,1,1
-0.6174251796413956,-1,-1.0,0,1,0,0,0,1,2,2,1,0
0.09473779780602605,1,1.0,0,1,2,2,1,1,2,2,2,0
0.40479387385133675,1,1.0,0,1,2,0,0,0,0,2,3,0
0.14350925726344768,1,1.0,0,0,2,0,1,0,0,2,3,1
-0.1797342282565838,-1,-1.0,0,1,0,0,0,0,0,2,1,0
-0.29804224272230634,-1,-1.0,0,1,2,0,0,2,2,2,1,1
-0.48550301381079725,-1,-1.0,0,1,0,0,0,1,0,2,2,0
0.022797151891322136,1,1.0,0,1,0,0,0,0,2,2,0,0
0.0354148132882359,1,1.0,0,1,0,1,0,1,2,2,3,0
0.08576083656457337,1,1.0,0,1,2,0,0,0,2,2,3,0
-0.5895177940648463,-1,-1.0,0,0,1,0,0,1,0,2,1,1
-0.1311090807615481,1,-1.0,0,0,2,0,0,1,0,2,0,1
-0.15939274722131078,-1,-1.0,0,1,2,1,0,2,2,2,2,1
0.27419178466884675,1,1.0,0,0,2,0,0,1,2,2,0,0
-0.0009724026763103227,1,-1.0,0,0,2,1,0,2,1,2,0,0
0.06581145484067631,-1,1.0,0,1,2,1,0,1,0,2,2,1
-0.2713334752235433,-1,-1.0,0,1,1,0,0,2,2,2,2,0
0.25559593786749407,-1,1.0,0,1,2,0,1,0,0,2,2,0
0.25559593786749407,-1,1.0,0,1,2,0,1,0,0,2,2,0
-0.21661646184468633,-1,-1.0,0,1,2,0,1,0,0,2,1,0
-0.5988024078601126,-1,-1.0,0,1,2,0,0,1,0,2,1,1
-0.10156188016577239,1,-1.0,0,1,2,0,0,1,2,2,0,1
0.23116259683224363,-1,1.0,0,1,2,1,1,2,1,2,2,0
-0.8006150324257935,-1,-1.0,0,1,2,0,0,1,0,2,1,0
-0.37276686897196915,-1,-1.0,0,1,0,1,0,1,2,2,1,0
-0.8147820888293478,-1,-1.0,0,0,0,0,0,1,2,2,1,0
0.21266897656811887,-1,1.0,0,0,2,1,1,0,0,2,2,1
-0.031992908403167084,1,-1.0,0,0,2,2,1,1,2,2,3,1
-0.11578412875357919,1,-1.0,0,1,2,0,1,0,0,2,0,0
0.22931547095853824,-1,1.0,0,0,2,0,0,0,0,2,2,1
-0.0771784413521301,1,-1.0,0,1,0,1,1,1,2,2,2,0
1.4617338699972338,1,1.0,2,0,2,0,0,0,0,2,3,0
-1.4654055198066986,-1,-1.0,2,0,2,0,1,1,0,2,1,1
-0.2924362040322382,-1,-1.0,2,1,2,0,1,0,0,2,1,0
-1.1758725550074551,-1,-1.0,2,1,0,0,0,1,0,2,1,0
0.16676590455798307,-1,1.0,2,0,2,1,1,0,0,2,2,0
0.1452717593513616,1,1.0,2,1,2,1,0,0,2,2,3,1
-0.6943262264947625,-1,-1.0,2,0,2,0,0,2,2,2,1,0
0.3641379752241365,1,1.0,2,1,1,1,0,1,2,2,0,1
-0.11590256449176214,1,-1.0,2,0,0,0,0,0,0,2,2,1
-0.3552689664011056,-1,-1.0,2,0,2,1,0,2,2,2,1,1
0.017846374702170528,1,1.0,2,1,2,1,0,1,2,2,2,1
0.4855379008945939,1,1.0,2,1,0,0,0,0,0,2,3,0
-0.19143041193880822,-1,-1.0,2,1,2,0,0,1,2,2,2,0
0.036846206573206836,1,1.0,2,0,2,1,1,0,0,2,0,0
0.6233077201166026,1,1.0,2,1,2,0,0,0,0,2,0,0
-0.5660593066216819,-1,-1.0,2,0,2,0,1,0,0,2,2,0
0.1963928962410426,1,1.0,2,0,2,0,1,2,1,2,3,0
0.3108737740701228,-1,1.0,2,0,2,0,1,0,0,2,3,0
0.5769941136408826,1,1.0,2,0,2,0,0,1,2,2,0,0
-0.1732630911113659,-1,-1.0,2,1,2,1,0,1,2,2,1,0
1.099817814186267,1,1.0,2,0,1,0,0,0,0,2,3,0
0.6035138953955336,1,1.0,2,0,1,1,0,1,2,2,0,0
0.36075579810351116,-1,1.0,2,1,2,0,1,0,0,2,2,0
0.6179320707330219,1,1.0,2,1,2,2,0,0,0,2,1,0
-0.12763967097213946,1,-1.0,2,1,2,1,1,0,0,2,0,1
-0.8549036258812284,-1,-1.0,2,1,2,1,1,1,0,2,1,1
-0.1732630911113659,-1,-1.0,2,1,2,1,0,1,2,2,1,0
-0.96332076088215,-1,-1.0,2,1,2,1,0,2,2,2,1,1
-0.9196816852366613,-1,-1.0,2,1,2,0,0,1,0,2,2,0
0.21558095085119208,1,1.0,2,1,2,1,0,1,2,2,3,0
0.9540517857404631,1,1.0,2,1,1,1,0,0,0,2,2,0
0.16297681072122047,1,1.0,2,1,0,0,0,0,0,2,0,1
0.7732013210529823,1,1.0,2,0,2,0,0,0,0,2,0,0
-0.5168867218496586,-1,-1.0,2,1,2,0,0,2,2,2,2,1
0.36075579810351116,1,1.0,2,1,2,0,1,0,0,2,2,0
-1.7898615553480974,-1,-1.0,2,0,1,0,0,1,0,2,1,1
1.4544339250008316,1,1.0,2,1,2,0,0,0,2,2,0,1
-1.6592789792727363,-1,-1.0,2,0,2,0,0,1,0,2,2,0
1.4617338699972338,1,1.0,2,0,2,0,0,0,0,2,3,0
-1.201244855860606,-1,-1.0,2,0,2,1,0,1,0,2,1,0
0.5322264989716218,1,1.0,2,0,2,2,0,0,0,2,3,0
0.5322264989716218,1,1.0,2,0,2,2,0,0,0,2,3,0
1.1148771209317034,1,1.0,2,0,1,0,0,1,0,2,0,0
0.6368664491994785,1,1.0,2,0,2,1,0,1,2,2,1,1
0.4793923270664592,1,1.0,2,1,2,1,0,1,2,2,0,0
-0.19682264951644868,1,-1.0,2,1,2,2,0,2,1,2,0,1
0.09446294491040731,1,1.0,2,1,2,2,0,2,1,2,2,1
-0.6911329879540494,-1,-1.0,2,0,2,0,0,2,1,2,2,0
-0.6554781567262544,-1,-1.0,2,1,2,1,0,1,0,2,1,0
0.04126608525546902,1,1.0,2,0,0,0,0,1,2,2,0,0
-0.42426635459419315,-1,-1.0,2,0,2,1,0,2,2,2,1,0
0.1653445664582121,1,1.0,2,0,2,1,0,2,1,2,2,1
-0.5660593066216819,-1,-1.0,2,0,2,0,1,0,0,2,2,0
0.36075579810351116,-1,1.0,2,1,2,0,1,0,0,2,2,0
0.3108737740701228,1,1.0,2,0,2,0,1,0,0,2,3,0
0.5266453253493838,1,1.0,2,1,2,1,1,2,1,2,2,0
0.6630961164184944,1,1.0,2,0,2,0,0,1,2,2,0,1
0.21558095085119208,1,1.0,2,1,2,1,0,1,2,2,3,0
0.3788212486310229,1,1.0,2,0,0,0,0,1,2,2,3,0
1.4544339250008316,1,1.0,2,1,2,0,0,0,2,2,0,1
0.20339686564717555,1,1.0,2,0,1,0,0,0,0,2,0,1
-1.0942842056764925,-1,-1.0,2,1,2,0,1,0,0,2,2,1
-1.4277723744214414,-1,-1.0,2,0,2,0,1,1,0,2,2,0
-1.6592789792727363,-1,-1.0,2,0,2,0,0,1,0,2,2,0
-0.9853887682317279,-1,-1.0,2,1,0,2,0,0,0,2,2,0
-1.739548518268938,-1,-1.0,2,1,2,0,0,2,0,2,1,1
0.8843058646441984,1,1.0,3,1,2,0,0,1,0,2,0,0
0.10105450244057965,1,1.0,3,0,0,0,0,0,2,2,0,0
-0.21752198322717087,1,-1.0,3,1,2,0,1,1,2,2,2,1
0.4013512009901567,1,1.0,3,0,2,2,0,2,1,2,0,0
-2.137075354442187,-1,-1.0,3,1,2,0,0,2,2,2,1,0
-1.4564106943746982,-1,-1.0,3,1,0,0,0,2,2,2,1,0
-1.7021258039001055,-1,-1.0,3,1,2,0,0,2,2,2,1,1
1.3299838841664144,1,1.0,3,1,2,1,1,0,0,2,3,0
1.2589132146556805,1,1.0,3,0,2,0,1,1,2,2,3,0
-1.6278133741899927,-1,-1.0,3,1,2,1,0,2,2,2,1,1
-1.0541042243707763,-1,-1.0,3,1,1,1,0,1,2,2,1,0
-1.6641830713740116,-1,-1.0,3,1,1,0,1,1,0,2,2,1
-0.5336521288875007,-1,-1.0,3,0,2,0,0,0,0,2,1,1
0.401935820560328,1,1.0,3,0,2,0,0,0,0,2,2,1
0.2378860747935032,1,1.0,3,1,2,0,1,0,0,2,0,0
0.5844276009351128,1,1.0,3,0,2,2,0,2,1,2,1,0
-2.1005938787964,-1,-1.0,3,0,2,0,0,1,0,2,2,0
0.8843058646441984,1,1.0,3,1,2,0,0,1,0,2,0,0
0.36286276113679833,1,1.0,3,1,2,0,0,0,0,2,2,0
0.23265193447576565,-1,1.0,3,0,1,0,0,0,0,2,2,0
0.9180963106218778,1,1.0,3,1,2,1,0,0,0,2,3,0
-1.1418405000754335,-1,-1.0,3,1,2,0,0,2,2,2,2,0
0.27385951712562684,1,1.0,3,1,2,0,1,0,0,2,3,1
0.3589844040941166,1,1.0,3,1,1,1,0,1,2,2,0,0
0.36286276113679833,1,1.0,3,1,2,0,0,0,0,2,2,0
-1.1725418000546375,-1,-1.0,3,1,1,0,0,1,0,2,1,0
0.029397321917652548,1,1.0,3,0,0,1,0,0,0,2,0,1
0.029397321917652548,1,1.0,3,0,0,1,0,0,0,2,0,1
0.029397321917652548,1,1.0,3,0,0,1,0,0,0,2,0,1
0.2402742780756193,1,1.0,3,0,2,0,1,1,2,2,0,0
-1.1725418000546375,-1,-1.0,3,1,1,0,0,1,0,2,1,0
0.023699620836010578,1,1.0,3,1,2,0,0,0,2,2,2,0
-1.294459328114984,-1,-1.0,3,1,2,0,0,1,0,2,2,0
-0.6026517384170625,-1,-1.0,3,0,2,1,0,2,2,2,1,1
0.3834954601557549,1,1.0,3,1,2,1,0,0,0,2,0,0
0.10161770068729396,1,1.0,3,0,1,2,1,0,2,2,0,0
-0.08416595454254285,1,-1.0,3,1,0,0,1,1,2,2,0,1
-1.1823875543078102,-1,-1.0,1,1,0,0,1,0,0,3,2,0
-1.871992027838713,-1,-1.0,1,0,0,0,1,0,0,3,1,0
-1.4581064900683727,-1,-1.0,1,1,1,0,1,0,0,3,1,0
-2.032220075857328,-1,-1.0,1,1,0,0,0,1,0,3,1,0
0.25572061298812654,1,1.0,1,0,0,0,0,0,0,3,2,0
-0.2069271337780808,-1,-1.0,1,0,2,0,0,1,2,3,2,0
-0.7893409187309519,-1,-1.0,1,1,0,0,0,1,2,3,1,0
0.5511136525287472,1,1.0,1,1,0,0,0,0,0,3,2,0
0.7740323007159727,1,1.0,1,0,2,0,0,0,2,3,0,1
0.5511136525287472,1,1.0,1,1,0,0,0,0,0,3,2,0
-1.2001810752997693,-1,-1.0,1,0,0,0,0,0,0,3,1,0
-0.6034352927199408,-1,-1.0,1,0,1,0,0,0,0,3,1,0
-1.029616541833062,-1,-1.0,1,0,2,0,0,1,0,3,1,0
-1.229531632361075,-1,-1.0,1,1,0,1,0,1,0,3,1,0
-0.5638700262416321,-1,-1.0,1,1,2,0,1,0,0,3,1,0
0.059437519225287117,1,1.0,1,0,0,0,0,0,0,3,0,0
-0.7842381963537979,-1,-1.0,1,1,0,0,0,2,2,3,1,0
-0.8423241621609648,-1,-1.0,1,0,0,0,0,0,0,3,1,1
-0.818580162347769,-1,-1.0,1,1,0,0,0,1,0,3,2,1
0.059437519225287117,1,1.0,1,0,0,0,0,0,0,3,0,0
-0.45922731262271027,-1,-1.0,1,0,2,0,1,0,0,3,1,0
-1.9892145074022465,-1,-1.0,1,1,0,0,1,0,0,3,1,0
-0.18353652945141488,-1,-1.0,1,1,2,0,1,0,0,3,2,0
0.1726251322294356,-1,1.0,1,0,2,2,1,0,0,3,1,0
-0.989430172460976,-1,-1.0,1,1,0,0,0,0,0,3,1,0
-0.989430172460976,-1,-1.0,1,1,0,0,0,0,0,3,1,0
1.0034757230212332,1,1.0,1,0,0,0,0,0,0,3,3,1
0.764876255572953,1,1.0,1,1,2,2,0,0,0,3,1,0
-1.9892145074022465,-1,-1.0,1,1,0,0,1,0,0,3,1,0
-0.5221493657561007,-1,-1.0,1,1,0,0,0,1,2,3,2,0
-1.029616541833062,-1,-1.0,1,0,2,0,0,1,0,3,1,0
-1.595125083791111,-1,-1.0,1,1,0,0,1,1,0,3,1,1
-1.3303457683611704,-1,-1.0,1,1,0,0,1,0,0,3,1,1
-0.7893409187309519,-1,-1.0,1,1,0,0,0,1,2,3,1,0
-1.9581847363968325,-1,-1.0,1,1,1,0,0,1,0,3,1,0
-0.6045679535023499,-1,-1.0,1,0,2,0,0,1,0,3,2,0
0.5511136525287472,-1,1.0,1,1,0,0,0,0,0,3,2,0
-2.0493839507500278,-1,-1.0,1,1,0,0,0,1,0,3,1,1
1.520438048429268,1,1.0,1,0,1,0,0,0,2,3,0,0
0.25572061298812654,-1,1.0,1,0,0,0,0,0,0,3,2,0
0.9442040449805109,1,1.0,1,0,2,0,0,0,0,3,0,0
-1.871992027838713,-1,-1.0,1,0,0,0,1,0,0,3,1,0
-0.2803745375572885,1,-1.0,1,1,0,0,1,0,0,3,0,1
-0.5733095727112991,-1,-1.0,1,0,1,0,1,0,0,3,2,0
-0.5638700262416321,-1,-1.0,1,1,2,0,1,0,0,3,1,0
-1.9409713854598802,-1,-1.0,1,1,0,0,1,1,0,3,1,0
-0.8423241621609648,-1,-1.0,1,0,0,0,0,0,0,3,1,1
-0.20787619112053654,-1,-1.0,1,0,2,0,1,0,0,3,2,0
0.5511136525287472,-1,1.0,1,1,0,0,0,0,0,3,2,0
0.3302395383877305,1,1.0,1,0,1,0,0,0,0,3,2,0
0.8014513855703848,1,1.0,1,1,2,0,0,0,2,3,0,0
0.652915198132328,1,1.0,1,1,2,0,0,0,0,3,2,0
1.2174639428126017,1,1.0,1,1,0,0,0,0,0,3,3,0
0.4319784809544928,-1,1.0,1,0,2,0,0,0,0,3,2,0
-2.0493839507500278,-1,-1.0,1,1,0,0,0,1,0,3,1,1
0.13992860055486692,1,1.0,1,1,0,0,0,0,0,3,0,0
-2.20902155906078,-1,-1.0,1,0,0,0,0,1,0,3,1,0
0.13992860055486692,1,1.0,1,1,0,0,0,0,0,3,0,0
-0.989430172460976,-1,-1.0,1,1,0,0,0,0,0,3,1,0
0.13609161561917316,1,1.0,1,0,1,2,0,0,2,3,1,0
-0.20724710912848426,1,-1.0,1,1,0,0,0,0,0,3,0,1
-0.9110277513735219,-1,-1.0,1,1,1,0,1,0,0,3,2,0
-0.41514299603095756,-1,-1.0,4,1,2,0,0,0,0,3,1,0
0.3412238218892182,1,1.0,4,0,0,0,0,0,0,3,0,0
0.44449819907503046,1,1.0,4,0,2,0,0,0,0,3,3,0
-0.41514299603095756,-1,-1.0,4,1,2,0,0,0,0,3,1,0
-0.1670197990389465,-1,-1.0,4,0,0,0,0,1,2,3,2,0
0.041416119391549294,1,1.0,4,1,2,0,1,0,0,3,0,0
0.5152532566703647,1,1.0,4,1,2,0,1,0,0,3,3,0
0.20393635458206633,-1,1.0,4,1,0,0,0,1,0,3,1,0
-1.8119392913263923,-1,-1.0,4,0,2,0,0,1,0,3,2,0
0.014249587424209044,1,1.0,4,1,0,0,0,0,2,3,2,0
0.20340169506741168,1,1.0,4,0,2,0,0,0,2,3,2,0
-0.41514299603095756,-1,-1.0,4,1,2,0,0,0,0,3,1,0
-1.169059669841259,-1,-1.0,4,1,2,0,0,1,0,3,1,0
-0.24739420690118594,-1,-1.0,4,0,0,1,0,1,2,3,2,0
-0.307503099016643,-1,-1.0,4,0,2,0,0,1,2,3,1,0
0.15690170186985253,1,1.0,4,0,0,0,1,0,0,3,0,1
0.5687690076300796,-1,1.0,4,1,0,0,1,0,0,3,1,0
0.00493619393545653,1,1.0,4,0,0,0,0,0,2,3,2,0
0.3506695168843048,-1,1.0,4,0,0,0,1,0,0,3,1,0
-1.145014885390481,-1,-1.0,4,1,2,0,1,0,0,3,1,0
-0.1821581192376367,-1,-1.0,4,0,2,0,1,0,0,3,2,0
0.8188009414020585,-1,1.0,4,1,0,0,1,0,0,3,2,0
-0.05947847857907568,-1,-1.0,4,0,1,0,1,0,0,3,1,0
-0.15166880946866684,-1,-1.0,4,0,2,0,1,1,2,3,1,0
0.6124565113908014,1,1.0,4,1,0,0,0,0,0,3,0,0
0.5589169047498038,-1,1.0,4,0,0,0,0,0,0,3,1,0
-0.31142845568220195,-1,-1.0,4,1,2,0,1,0,0,3,1,1
0.06405958194533103,-1,1.0,4,0,0,0,0,1,0,3,1,0
0.1952510347791985,1,1.0,4,0,2,0,0,0,0,3,0,1
0.3687940694526234,1,1.0,4,1,0,0,1,0,0,3,0,0
0.05468762842565153,1,1.0,4,1,2,0,0,0,2,3,1,0
1.4426618496975705,1,1.0,4,1,0,0,0,0,0,3,2,0
0.38718475722231793,-1,1.0,4,0,0,0,0,0,0,3,2,1
0.645839224290366,-1,1.0,4,1,0,0,0,0,0,3,1,1
0.8188009414020585,-1,1.0,4,1,0,0,1,0,0,3,2,0
0.5152532566703647,1,1.0,4,1,2,0,1,0,0,3,3,0
0.4065986217441075,-1,1.0,4,1,1,0,1,0,0,3,2,0
-0.19588963745781993,-1,-1.0,4,0,0,0,0,1,2,3,1,0
-1.145014885390481,-1,-1.0,4,1,2,0,1,0,0,3,1,0
0.4542481401837123,1,1.0,4,0,2,0,0,0,0,3,3,1
-0.3131852109177831,-1,-1.0,4,0,2,0,0,1,2,3,1,1
0.15118747645254416,1,1.0,4,0,2,0,0,1,2,3,2,1
-1.031410300775569,-1,-1.0,4,1,2,0,0,2,2,3,1,0
-1.8119392913263923,-1,-1.0,4,0,2,0,0,1,0,3,2,0
0.15900683091371906,1,1.0,4,0,2,1,0,1,2,3,3,0
-0.03432076211164517,1,-1.0,4,1,0,1,0,2,1,3,3,0
-0.4649581643646114,-1,-1.0,4,1,1,0,1,1,0,3,2,0
1.4426618496975705,1,1.0,4,1,0,0,0,0,0,3,2,0
-1.169059669841259,-1,-1.0,4,1,2,0,0,1,0,3,1,0
0.07223929041333524,1,1.0,4,0,2,0,0,0,0,3,0,0
0.7464601213860443,1,1.0,4,1,2,0,0,0,0,3,2,1
0.7357797087679355,-1,1.0,4,1,0,0,0,0,0,3,2,1
0.5687690076300796,-1,1.0,4,1,0,0,1,0,0,3,1,0
-0.19021581761166978,-1,-1.0,4,1,2,0,1,0,0,3,2,0
0.07223929041333524,1,1.0,4,0,2,0,0,0,0,3,0,0
-0.10507049134237778,-1,-1.0,4,1,0,0,1,1,0,3,1,0
-0.029394639059347766,1,-1.0,4,1,0,0,0,1,2,3,3,0
-0.6569653603003219,-1,-1.0,4,1,2,0,0,1,2,3,1,0
0.21980131303705724,1,1.0,4,0,2,1,0,0,0,3,3,0
0.2648344856467905,-1,1.0,4,0,0,0,1,0,0,3,2,1
0.7464601213860443,1,1.0,4,1,2,0,0,0,0,3,2,1
-0.2982857368790163,-1,-1.0,4,0,2,1,0,1,2,3,1,0
0.38718475722231793,1,1.0,4,0,0,0,0,0,0,3,2,1
-1.0026070732827228,-1,-1.0,4,1,2,0,0,1,2,3,2,1
0.44449819907503046,1,1.0,4,0,2,0,0,0,0,3,3,0
0.5755516489307311,1,1.0,4,1,2,0,0,0,0,3,2,0
0.07627735297343144,1,1.0,4,0,2,2,0,2,1,3,1,0
0.21186886826188894,1,1.0,4,0,2,0,0,0,0,3,2,0
-1.145014885390481,-1,-1.0,4,1,2,0,1,0,0,3,1,0
-1.8119392913263923,-1,-1.0,4,0,2,0,0,1,0,3,2,0
-0.009674030309183507,1,-1.0,4,0,0,0,0,1,2,3,0,0
0.15254350034418937,1,1.0,4,1,2,0,0,1,2,3,0,0
-0.7273927111291866,-1,-1.0,4,1,2,0,0,1,0,3,1,1
-0.40881692907865824,-1,-1.0,4,1,1,0,0,1,0,3,1,0
0.4779461228215424,1,1.0,4,1,2,0,0,0,0,3,0,1
0.43301780191452427,1,1.0,4,1,2,0,0,0,0,3,1,1
-1.631667756451864,-1,-1.0,4,1,1,2,0,1,2,3,1,0
-0.024098491095638348,1,-1.0,4,0,0,1,1,2,0,3,3,0
0.09596424322667874,1,1.0,0,1,0,0,0,0,2,3,0,0
0.5211872158936871,1,1.0,0,1,2,0,0,0,0,3,3,1
0.443790283717241,-1,1.0,0,1,2,0,1,0,0,3,2,0
0.5185520076852015,1,1.0,0,0,1,0,0,0,0,3,3,1
-1.3277154260656328,-1,-1.0,0,0,0,0,1,1,0,3,1,0
-0.018303898169094363,1,-1.0,0,0,0,0,1,0,0,3,0,0
-0.719116844432536,-1,-1.0,0,0,2,0,1,1,0,3,1,0
0.07754545431968336,1,1.0,0,0,2,0,0,0,0,3,2,0
-0.1929432700813015,-1,-1.0,0,0,2,0,0,1,2,3,1,1
0.1530428318326198,-1,1.0,0,1,0,0,0,1,2,3,2,0
-0.05269646602937399,-1,-1.0,0,1,2,0,0,1,2,3,1,0
0.18088181520808322,-1,1.0,0,0,2,0,0,1,2,3,1,0
0.35335595410771203,-1,1.0,0,1,2,0,0,0,0,3,2,0
0.07754545431968336,1,1.0,0,0,2,0,0,0,0,3,2,0
-0.19789089537214166,-1,-1.0,0,1,2,0,0,0,0,3,1,0
0.3962079040091225,1,1.0,0,0,2,0,1,0,0,3,3,1
0.041599170007498645,-1,1.0,0,1,2,0,1,0,0,3,1,1
0.34556492352924734,-1,1.0,0,0,2,0,1,0,0,3,2,0
0.443790283717241,1,1.0,0,1,2,0,1,0,0,3,2,0
0.3079078064311903,-1,1.0,0,0,0,0,0,0,0,3,2,0
0.32001737395701957,1,1.0,0,1,0,0,0,1,2,3,2,1
-0.6091448812276513,-1,-1.0,0,0,0,1,0,1,2,3,2,0
-0.1929432700813015,-1,-1.0,0,0,2,0,0,1,2,3,1,1
0.08167485295259627,1,1.0,0,1,0,0,0,0,0,3,0,0
0.35335595410771203,-1,1.0,0,1,2,0,0,0,0,3,2,0
-0.05269646602937399,-1,-1.0,0,1,2,0,0,1,2,3,1,0
0.27388020828639964,1,1.0,0,0,2,1,0,0,0,3,0,0
0.4338104248640512,1,1.0,0,0,1,0,1,0,2,3,0,0
-0.08173192723816583,-1,-1.0,0,1,2,2,0,1,0,3,1,0
-1.2656460699244052,-1,-1.0,0,0,0,0,0,1,2,3,1,0
-0.013620814142616998,-1,-1.0,0,1,2,0,1,0,0,3,1,0
-0.18227870409382496,-1,-1.0,0,0,2,0,0,1,2,3,2,0
0.6756345152732667,1,1.0,0,0,2,1,0,1,2,3,1,0
0.3906929103941394,1,1.0,0,1,2,0,0,0,2,3,0,0
-0.3075099677524671,-1,-1.0,0,0,2,1,0,1,2,3,2,0
0.0852149479170829,1,1.0,0,0,2,1,0,0,2,3,2,1
-0.23757416868575515,-1,-1.0,0,0,1,0,0,0,0,3,2,0
-1.1202280441084242,-1,-1.0,0,0,0,0,1,0,0,3,1,0
0.1530428318326198,1,1.0,0,1,0,0,0,1,2,3,2,0
-0.6676354189324941,-1,-1.0,0,1,0,0,1,1,0,3,2,1
0.08022990268098183,1,1.0,0,0,0,0,0,0,0,3,0,0
0.08022990268098183,1,1.0,0,0,0,0,0,0,0,3,0,0
-0.03437127086813613,-1,-1.0,0,0,2,0,1,1,2,3,2,1
-0.16422877200749078,-1,-1.0,0,1,2,0,0,1,2,3,2,1
0.443790283717241,-1,1.0,0,1,2,0,1,0,0,3,2,0
-0.013620814142616998,-1,-1.0,0,1,2,0,1,0,0,3,1,0
-0.013620814142616998,-1,-1.0,0,1,2,0,1,0,0,3,1,0
0.5300459457444494,1,1.0,0,0,2,0,0,0,0,3,3,1
-0.27825000486051465,1,-1.0,0,1,0,0,0,2,1,3,0,1
0.13036865157416297,1,1.0,0,0,2,1,1,0,0,3,0,1
0.09596424322667874,1,1.0,0,1,0,0,0,0,2,3,0,0
-0.05269646602937399,-1,-1.0,0,1,2,0,0,1,2,3,1,0
0.539776353689421,1,1.0,0,1,2,1,0,2,1,3,2,0
0.20908870447842445,1,1.0,0,0,0,0,0,0,2,3,2,1
0.49951309005432476,1,1.0,0,1,2,0,0,0,0,3,3,0
0.36474670548623966,1,1.0,0,0,2,0,0,0,0,3,3,0
-1.1448313564306225,-1,-1.0,0,0,2,0,0,1,0,3,1,0
0.5620404465895631,1,1.0,0,1,2,1,1,0,0,3,3,0
0.35335595410771203,-1,1.0,0,1,2,0,0,0,0,3,2,0
0.2711130084193885,1,1.0,0,1,2,0,1,1,2,3,3,0
-0.3579052143700313,-1,-1.0,0,0,2,0,0,2,2,3,1,0
-0.7105773958728913,-1,-1.0,0,1,0,0,0,1,2,3,1,0
0.0112047346923871,-1,1.0,0,1,2,1,0,2,2,3,1,0
0.27305862856335167,1,1.0,0,1,2,0,0,0,0,3,2,1
0.443790283717241,-1,1.0,0,1,2,0,1,0,0,3,2,0
-0.12032060331871912,1,-1.0,0,1,0,1,0,2,1,3,0,0
-0.19789089537214166,-1,-1.0,0,1,2,0,0,0,0,3,1,0
-0.6558783959659088,-1,-1.0,0,0,1,0,1,0,0,3,1,0
0.007191383309158066,-1,1.0,0,0,2,0,1,0,0,3,1,0
0.35335595410771203,-1,1.0,0,1,2,0,0,0,0,3,2,0
-0.252404844868788,1,-1.0,0,0,1,0,0,0,0,3,1,0
-1.258958964301967,-1,-1.0,0,1,1,0,0,1,2,3,1,1
-0.9794895886750763,-1,-1.0,0,1,1,0,1,0,0,3,2,0
-1.2656460699244052,-1,-1.0,0,0,0,0,0,1,2,3,1,0
-1.1080553821522532,-1,-1.0,0,0,2,1,0,2,2,3,2,0
-1.5111307100416913,-1,-1.0,0,1,2,0,0,1,0,3,1,0
-0.6256851997986942,-1,-1.0,0,1,2,0,0,1,0,3,2,0
0.17436381726135994,1,1.0,0,0,2,1,1,0,0,3,0,0
-0.3579052143700313,-1,-1.0,0,0,2,0,0,2,2,3,1,0
0.443790283717241,-1,1.0,0,1,2,0,1,0,0,3,2,0
0.8333310474197722,1,1.0,2,1,2,0,0,0,0,3,3,0
0.19458979862311115,-1,1.0,2,1,1,0,0,0,0,3,1,0
-0.5740642503043458,-1,-1.0,2,1,2,0,1,0,0,3,2,0
-1.0110275517748077,-1,-1.0,2,0,2,1,0,1,0,3,1,0
-0.46587257863011233,-1,-1.0,2,1,2,0,0,1,2,3,1,0
-0.9703611876110056,-1,-1.0,2,1,2,0,0,1,0,3,1,0
-0.6877087570873853,-1,-1.0,2,0,2,0,1,0,0,3,2,0
0.16282846640046272,1,1.0,2,1,2,0,1,0,0,3,3,0
0.10273135269287326,1,1.0,2,0,2,0,0,1,2,3,2,0
0.9355527108857455,1,1.0,2,0,2,0,0,0,0,3,3,0
0.3968042470782948,1,1.0,2,0,1,0,1,0,0,3,3,0
-1.409285474204118,-1,-1.0,2,1,2,1,0,2,2,3,1,0
0.4531493014253709,1,1.0,2,1,2,0,1,0,0,3,0,0
-1.5148247151488585,-1,-1.0,2,1,2,0,0,2,1,3,1,0
0.014057391142320796,1,1.0,2,0,2,0,1,0,0,3,3,0
-0.7623888978811117,-1,-1.0,2,1,2,0,1,0,0,3,1,0
-0.7623888978811117,-1,-1.0,2,1,2,0,1,0,0,3,1,0
0.07984046990007417,-1,1.0,2,1,2,1,0,0,0,3,3,0
-0.30799966352028646,-1,-1.0,2,1,1,0,1,0,0,3,2,0
1.6270083618110414,1,1.0,2,1,2,2,0,0,0,3,2,0
-0.49684638896779343,-1,-1.0,2,0,2,0,0,2,2,3,2,0
-0.9703611876110056,-1,-1.0,2,1,2,0,0,1,0,3,1,0
0.7152762074278018,1,1.0,2,0,2,0,0,0,0,3,1,0
0.35187093287258886,1,1.0,2,1,0,0,0,0,0,3,0,0
1.1712042457671137,1,1.0,2,1,2,0,0,0,2,3,0,0
0.13446965234446065,1,1.0,2,0,1,2,0,0,0,3,0,0
-1.1643950773678615,-1,-1.0,2,1,2,0,0,0,0,3,1,1
1.3146405774618508,1,1.0,2,0,2,1,1,1,2,3,0,0
0.16282846640046272,1,1.0,2,1,2,0,1,0,0,3,3,0
0.006277153835258127,1,1.0,2,1,2,1,0,2,1,3,3,1
-0.7623888978811117,-1,-1.0,2,1,2,0,1,0,0,3,1,0
0.014057391142320796,1,1.0,2,0,2,0,1,0,0,3,3,0
-0.6602601056361519,-1,-1.0,2,1,1,0,1,0,0,3,1,0
-0.6379057284739497,-1,-1.0,2,0,0,0,0,0,0,3,2,0
1.3434781958539146,1,1.0,2,1,2,0,0,0,0,3,3,1
0.6812869265315568,1,1.0,2,1,2,0,1,0,2,3,0,1
0.007469997047166811,1,1.0,2,0,2,1,0,1,2,3,3,0
0.6359005676106748,1,1.0,2,0,1,0,0,0,0,3,2,0
-1.679591542636111,-1,-1.0,2,1,2,0,0,2,2,3,1,0
-0.9368827090095266,-1,-1.0,2,1,0,1,0,1,0,3,1,0
0.19458979862311115,-1,1.0,2,1,1,0,0,0,0,3,1,0
-0.9665272509225761,-1,-1.0,2,0,0,0,0,0,0,3,1,0
0.10273135269287326,-1,1.0,2,0,2,0,0,1,2,3,2,0
-1.590085965318422,-1,-1.0,2,0,0,0,0,1,2,3,2,0
-0.9521893537118526,-1,-1.0,2,1,1,0,0,2,2,3,2,0
0.33106028033886137,1,1.0,2,0,2,0,0,0,2,3,3,0
-1.461606223980952,-1,-1.0,2,0,2,2,0,2,1,3,1,0
0.6109147472824898,1,1.0,2,1,2,0,0,0,0,3,2,0
-1.3098308481646408,-1,-1.0,2,0,0,0,0,1,0,3,1,1
-0.9714320214935748,-1,-1.0,2,1,2,1,0,2,1,3,2,0
-1.4208337428471631,-1,-1.0,2,0,2,1,1,2,1,3,1,1
0.7762835064199971,1,1.0,2,1,2,1,1,1,2,3,0,0
-0.02580726808731377,-1,-1.0,2,0,2,2,0,1,0,3,2,1
-0.6438990263583158,-1,-1.0,3,1,2,1,0,1,2,3,1,0
0.6596266491506035,-1,1.0,3,1,0,0,0,0,0,3,1,0
0.08997040094864348,1,1.0,3,1,2,0,0,1,2,3,3,0
1.0000000000000004,1,1.0,3,1,1,0,0,0,0,3,1,0
-0.9999999999999996,-1,-1.0,3,0,2,0,1,0,0,3,2,0
0.9089394321355884,1,1.0,3,1,2,0,0,0,0,3,0,0
-0.19332236001829656,-1,-1.0,3,0,2,0,0,1,2,3,1,0
0.1759737427487702,1,1.0,3,1,1,0,1,1,2,3,3,0
-0.28111663267860026,-1,-1.0,3,1,2,1,1,2,2,3,2,0
0.16849039210400066,1,1.0,3,1,2,2,0,0,0,3,3,0
0.16849039210400066,1,1.0,3,1,2,2,0,0,0,3,3,0
0.16849039210400066,1,1.0,3,1,2,2,0,0,0,3,3,0
0.16849039210400066,1,1.0,3,1,2,2,0,0,0,3,3,0
0.16849039210400066,1,1.0,3,1,2,2,0,0,0,3,3,0
0.16849039210400066,1,1.0,3,1,2,2,0,0,0,3,3,0
-0.7323086226661599,-1,-1.0,3,1,1,0,0,1,2,3,1,0
-1.0100913199918329,-1,-1.0,3,0,2,0,0,1,0,3,2,1
-0.2894407575953191,-1,-1.0,1,1,0,0,0,1,2,1,1,0
0.03887297299696375,-1,1.0,1,0,2,1,1,2,2,1,2,0
0.40862777996995875,1,1.0,1,0,0,0,0,0,0,1,3,1
-0.26480342042636595,-1,-1.0,1,1,0,0,0,1,2,1,2,0
-0.12503661780322545,-1,-1.0,1,0,0,0,1,2,2,1,1,0
0.48602874662298307,1,1.0,1,0,1,0,0,0,0,1,0,0
-0.04828752017957959,-1,-1.0,1,0,0,0,1,1,2,1,2,0
-0.08914171590624503,-1,-1.0,1,1,0,0,0,0,0,1,2,0
0.1441364668712943,1,1.0,1,0,1,0,1,1,2,1,3,0
-0.02677269773057642,-1,-1.0,1,1,0,0,0,0,0,1,1,1
-0.09216496151967843,-1,-1.0,1,0,0,0,1,2,2,1,2,0
-0.0028600852043517543,1,-1.0,1,0,1,0,1,1,2,1,2,0
0.2679833718371395,-1,1.0,1,0,0,0,0,0,0,1,2,1
-0.2859771471170681,-1,-1.0,1,1,0,0,0,2,2,1,1,0
-0.5279197347684516,-1,-1.0,1,0,0,0,1,1,0,1,1,0
-0.5910209398032948,-1,-1.0,1,1,0,0,0,1,0,1,1,0
0.12132823507765886,1,1.0,1,0,0,0,0,0,2,1,0,0
-0.13103133119458177,1,-1.0,1,0,0,0,0,1,2,1,2,0
-0.09216496151967843,-1,-1.0,1,0,0,0,1,2,2,1,2,0
-0.5910209398032948,-1,-1.0,1,1,0,0,0,1,0,1,1,0
0.12132823507765886,1,1.0,1,0,0,0,0,0,2,1,0,0
0.29641058368924533,1,1.0,1,0,0,0,0,0,0,1,2,0
-0.49058925427598443,-1,-1.0,1,1,0,0,0,1,0,1,1,1
0.03816239994864392,1,1.0,1,0,2,1,0,0,0,1,0,0
-0.046078896284712456,1,-1.0,1,1,0,1,0,0,0,1,2,0
-0.18502909035086215,1,-1.0,1,0,0,0,1,0,0,1,1,0
-0.2166223592998497,-1,-1.0,1,1,0,1,0,2,2,1,1,1
0.5923499645844652,-1,1.0,1,0,0,0,0,0,0,1,1,0
0.26433350295325064,1,1.0,1,0,0,0,0,0,0,1,3,0
-0.2894407575953191,-1,-1.0,1,1,0,0,0,1,2,1,1,0
-0.10948292725113928,1,-1.0,1,1,0,0,0,2,1,1,0,0
0.5923499645844652,-1,1.0,1,0,0,0,0,0,0,1,1,0
0.2232574267999138,-1,1.0,1,0,2,0,0,0,0,1,2,1
-0.26480342042636595,-1,-1.0,1,1,0,0,0,1,2,1,2,0
0.6070949897868372,-1,1.0,1,0,2,0,0,0,0,1,2,0
0.7196471778769636,1,1.0,1,0,0,0,0,0,0,1,0,0
0.7196471778769636,1,1.0,1,0,0,0,0,0,0,1,0,0
-0.45323907921039486,-1,-1.0,1,1,0,0,0,2,0,1,1,0
-0.19311144448529066,-1,-1.0,1,1,0,2,0,0,0,1,2,0
-0.13103133119458177,-1,-1.0,1,0,0,0,0,1,2,1,2,0
0.07773988514310552,-1,1.0,1,0,2,0,0,1,2,1,1,0
0.34301184489820663,1,1.0,1,0,0,0,0,0,0,1,0,1
-0.2988403903602212,1,-1.0,1,1,1,0,0,1,2,1,2,1
-0.08970477534253958,-1,-1.0,1,1,0,1,1,2,1,1,2,0
-0.4502935028422197,-1,-1.0,1,0,0,0,1,1,0,1,2,0
0.06793311543361027,-1,1.0,1,0,2,0,0,1,2,1,2,1
0.25843763826620675,-1,1.0,1,0,0,0,0,0,0,1,1,1
0.7236393669690877,1,1.0,1,0,2,0,0,0,0,1,3,0
-0.041761813643738106,-1,-1.0,1,1,2,0,0,0,0,1,1,0
-0.4483281173309425,-1,-1.0,1,1,0,0,0,1,0,1,2,0
0.5923499645844652,-1,1.0,1,0,0,0,0,0,0,1,1,0
0.02100705396285374,-1,1.0,1,1,0,0,0,0,0,1,1,0
0.10165761900062661,1,1.0,1,1,0,0,0,0,2,1,0,0
0.7196471778769636,1,1.0,1,0,0,0,0,0,0,1,0,0
0.17406197427250325,-1,1.0,1,0,2,2,0,1,0,1,2,0
0.2520561097193377,1,1.0,1,0,2,1,0,0,0,1,1,0
-0.45696760791699176,-1,-1.0,1,0,2,0,0,1,0,1,1,0
-0.037216171966113376,1,-1.0,1,0,0,0,0,1,2,1,0,1
0.02100705396285374,-1,1.0,1,1,0,0,0,0,0,1,1,0
-0.04828752017957959,-1,-1.0,1,0,0,0,1,1,2,1,2,0
-0.5910209398032948,-1,-1.0,1,1,0,0,0,1,0,1,1,0
0.2679833718371395,1,1.0,1,0,0,0,0,0,0,1,2,1
-0.5910209398032948,-1,-1.0,1,1,0,0,0,1,0,1,1,0
-0.5910209398032948,-1,-1.0,1,1,0,0,0,1,0,1,1,0
-0.5910209398032948,-1,-1.0,1,1,0,0,0,1,0,1,1,0
-0.5173217805828625,-1,-1.0,1,0,1,0,0,1,0,1,1,0
-0.03103205540661752,-1,-1.0,1,0,2,0,0,2,2,1,2,0
-0.34247752343303556,-1,-1.0,1,0,0,0,0,2,0,1,2,0
0.5923499645844652,-1,1.0,1,0,0,0,0,0,0,1,1,0
0.07773988514310552,-1,1.0,1,0,2,0,0,1,2,1,1,0
0.5923499645844652,-1,1.0,1,0,0,0,0,0,0,1,1,0
-0.19183773877288762,1,-1.0,1,1,0,0,1,1,2,1,1,0
0.5023512551059856,1,1.0,1,1,2,0,0,0,0,1,3,0
0.02100705396285374,-1,1.0,1,1,0,0,0,0,0,1,1,0
0.7196471778769636,1,1.0,1,0,0,0,0,0,0,1,0,0
0.02100705396285374,1,1.0,1,1,0,0,0,0,0,1,1,0
0.18167768966946918,1,1.0,1,1,0,0,0,0,0,1,2,1
0.2814890574493713,1,1.0,1,1,0,0,0,0,0,1,3,0
-0.07453418264801194,1,-1.0,1,0,2,0,0,2,1,1,0,1
0.12132823507765886,1,1.0,1,0,0,0,0,0,2,1,0,0
-0.4335854475121441,-1,-1.0,1,0,0,0,0,1,0,1,1,0
0.07773988514310552,-1,1.0,1,0,2,0,0,1,2,1,1,0
-0.4483281173309425,-1,-1.0,1,1,0,0,0,1,0,1,2,0
0.19104203561880043,1,1.0,1,1,0,0,1,1,2,1,3,0
-0.0407178628665326,-1,-1.0,1,0,0,2,0,1,2,1,1,0
0.7218536875679334,1,1.0,1,0,2,1,0,0,0,1,3,0
-0.19183773877288762,-1,-1.0,1,1,0,0,1,1,2,1,1,0
0.29641058368924533,1,1.0,1,0,0,0,0,0,0,1,2,0
0.23264317352017252,1,1.0,1,0,1,0,0,0,2,1,0,0
-0.38594382555164547,1,-1.0,1,1,0,0,0,1,2,1,1,1
-0.2894407575953191,-1,-1.0,1,1,0,0,0,1,2,1,1,0
-0.5910209398032948,-1,-1.0,1,1,0,0,0,1,0,1,1,0
-0.2894407575953191,-1,-1.0,1,1,0,0,0,1,2,1,1,0
-0.4483281173309425,-1,-1.0,1,1,0,0,0,1,0,1,2,0
-0.08914171590624503,1,-1.0,1,1,0,0,0,0,0,1,2,0
0.5789091122426769,1,1.0,1,1,0,0,0,0,0,1,0,0
-0.2894407575953191,-1,-1.0,1,1,0,0,0,1,2,1,1,0
0.29641058368924533,-1,1.0,1,0,0,0,0,0,0,1,2,0
-0.6886715075869208,-1,-1.0,1,1,0,0,1,1,0,1,2,0
-0.05672341168136891,1,-1.0,1,1,0,0,1,0,0,1,0,0
0.5923499645844652,1,1.0,1,0,0,0,0,0,0,1,1,0
-0.4335854475121441,-1,-1.0,1,0,0,0,0,1,0,1,1,0
0.07086488916120018,1,1.0,1,1,2,2,0,0,0,1,1,1
-0.4885243199848996,-1,-1.0,1,1,2,0,0,1,0,1,1,0
-0.45696760791699176,-1,-1.0,1,0,2,0,0,1,0,1,1,0
-0.26480342042636595,-1,-1.0,1,1,0,0,0,1,2,1,2,0
-0.33810246823059376,-1,-1.0,1,0,0,0,0,1,0,1,2,0
0.5923499645844652,1,1.0,1,0,0,0,0,0,0,1,1,0
-0.5910209398032948,-1,-1.0,1,1,0,0,0,1,0,1,1,0
-0.24023728058000754,-1,-1.0,1,0,2,0,0,1,0,1,2,1
-0.03703827592300639,1,-1.0,1,1,0,0,0,1,2,1,0,0
0.05439037839714285,1,1.0,1,1,1,0,0,1,2,1,0,0
-0.18174895556211623,-1,-1.0,1,1,1,0,0,1,2,1,1,0
-0.5910209398032948,-1,-1.0,1,1,0,0,0,1,0,1,1,0
0.4088577915339461,-1,1.0,1,1,2,0,0,0,0,1,2,0
-0.5625474912922289,-1,-1.0,1,1,2,0,0,1,0,1,1,1
-0.028174432536869902,-1,-1.0,1,1,2,2,0,1,2,1,1,0
-0.0721273535298286,-1,-1.0,1,0,2,0,0,2,2,1,1,0
-0.10104329949710197,-1,-1.0,1,0,2,1,1,2,2,1,1,1
-0.13509308965592465,1,-1.0,1,1,0,0,1,0,0,1,3,0
0.04108202196699781,-1,1.0,1,0,2,0,0,0,0,1,1,0
-0.5910209398032948,-1,-1.0,1,1,0,0,0,1,0,1,1,0
0.27105937887956655,-1,1.0,1,0,1,0,0,0,0,1,1,0
0.08609091161101667,-1,1.0,1,1,0,0,0,0,2,1,1,0
0.42692564651143905,1,1.0,1,1,1,0,0,0,0,1,3,1
0.0826794232143393,1,1.0,1,0,0,0,0,1,1,1,3,1
0.10165761900062661,1,1.0,1,1,0,0,0,0,2,1,0,0
-0.5910209398032948,-1,-1.0,1,1,0,0,0,1,0,1,1,0
0.02100705396285374,-1,1.0,1,1,0,0,0,0,0,1,1,0
-0.026769050423108905,-1,-1.0,1,0,1,0,0,0,0,1,1,1
-0.2894407575953191,-1,-1.0,1,1,0,0,0,1,2,1,1,0
-0.032326232413720804,-1,-1.0,1,0,2,1,1,2,2,1,1,0
0.4754887878855109,1,1.0,1,0,1,0,0,0,0,1,3,0
0.3797575618820445,-1,1.0,1,0,1,0,0,0,0,1,2,0
-0.4885243199848996,-1,-1.0,1,1,2,0,0,1,0,1,1,0
0.7236393669690877,1,1.0,1,0,2,0,0,0,0,1,3,0
-0.5910209398032948,-1,-1.0,1,1,0,0,0,1,0,1,1,0
0.3797575618820445,-1,1.0,1,0,1,0,0,0,0,1,2,0
0.20311704602392602,1,1.0,4,0,2,0,0,0,0,1,3,0
-0.2105003281173062,-1,-1.0,4,1,1,0,0,0,0,1,1,1
-0.07018200068817829,1,-1.0,4,1,0,0,1,0,0,1,0,0
-0.45824484990519404,-1,-1.0,4,1,0,0,0,1,0,1,2,0
-0.003488381109637449,1,-1.0,4,1,0,0,0,0,2,1,0,0
-0.26786175960103864,-1,-1.0,4,0,0,0,0,1,0,1,1,0
-0.11892358341824844,1,-1.0,4,1,2,0,0,0,0,1,1,0
-0.45824484990519404,-1,-1.0,4,1,0,0,0,1,0,1,2,0
0.03692668705993044,-1,1.0,4,0,2,2,0,1,0,1,1,0
-0.01783420619851572,1,-1.0,4,1,0,0,0,1,2,1,3,1
-0.10453477965480834,1,-1.0,4,0,0,0,1,0,0,1,1,1
-0.08319123927246445,1,-1.0,4,1,1,0,0,0,2,1,2,0
-0.1632202357658465,-1,-1.0,4,0,0,0,0,1,2,1,1,0
-0.14579573430467876,-1,-1.0,4,0,0,0,0,0,0,1,1,0
-0.07907383507867753,1,-1.0,4,1,0,0,0,0,0,1,0,0
-0.5235876627304669,-1,-1.0,4,1,1,0,0,1,0,1,2,0
-0.2503487274417699,1,-1.0,4,1,0,0,1,0,0,1,1,0
-0.09453788210847117,-1,-1.0,4,0,0,0,0,1,0,1,2,0
-0.26580626800847174,-1,-1.0,4,0,2,0,1,1,0,1,1,0
0.10414606588534454,1,1.0,4,0,1,0,0,0,2,1,3,0
-0.3898174407725702,-1,-1.0,4,1,0,0,0,0,0,1,1,0
-0.38397981093373124,-1,-1.0,4,0,1,0,0,1,0,1,1,0
0.09726398792055799,1,1.0,4,1,2,0,0,0,0,1,0,0
-0.5479775968035476,-1,-1.0,4,1,0,0,0,1,0,1,1,1
-0.08296961118233981,1,-1.0,4,1,0,0,0,0,2,1,2,0
0.35276076344559787,1,1.0,4,0,0,1,0,0,0,1,3,0
0.40217737223735245,1,1.0,4,0,0,0,1,0,0,1,3,0
-0.25814444015612803,1,-1.0,4,1,1,0,0,0,0,1,2,0
0.20311704602392602,1,1.0,4,0,2,0,0,0,0,1,3,0
-0.11906575602151906,-1,-1.0,4,0,2,1,1,1,0,1,2,0
-0.30354510508859095,-1,-1.0,4,1,1,0,0,0,0,1,1,0
-0.02885345959744483,1,-1.0,4,0,0,0,0,0,0,1,0,0
-0.5479775968035476,-1,-1.0,4,1,0,0,0,1,0,1,1,1
-0.14899257925851492,-1,-1.0,4,0,1,0,0,0,0,1,1,1
0.011079563700816732,1,1.0,4,0,1,0,0,0,2,1,2,0
-0.02747142144072012,1,-1.0,4,0,2,0,0,1,2,1,0,1
-0.0365533015451255,1,-1.0,4,0,0,0,1,1,2,1,0,0
-0.24960331124332333,-1,-1.0,4,1,0,1,0,0,0,1,2,0
-0.2685841089487953,-1,-1.0,4,1,0,1,0,1,0,1,2,0
-0.35694289077224434,-1,-1.0,4,1,2,0,0,1,2,1,1,0
-0.13568250545838614,-1,-1.0,4,1,2,0,1,0,0,1,1,1
-0.44360909280964606,-1,-1.0,4,1,0,0,0,2,2,1,1,0
-0.35694289077224434,-1,-1.0,4,1,2,0,0,1,2,1,1,0
-0.20138020934944623,-1,-1.0,4,1,0,0,0,1,2,1,1,1
-0.44360909280964606,-1,-1.0,4,1,0,0,0,2,2,1,1,0
-0.006463756231811257,1,-1.0,4,0,0,0,0,0,2,1,2,0
0.40217737223735245,1,1.0,4,0,0,0,1,0,0,1,3,0
-0.023879949977536938,1,-1.0,4,0,2,1,1,0,0,1,0,0
0.11306883037833416,-1,1.0,4,0,0,0,0,0,0,1,2,0
-0.5209374747349376,-1,-1.0,4,1,0,0,1,1,0,1,1,0
0.03163899060483696,1,1.0,4,0,2,0,0,0,2,1,0,1
-0.11892358341824844,-1,-1.0,4,1,2,0,0,0,0,1,1,0
0.17471653739931947,1,1.0,4,0,2,0,0,0,0,1,2,1
0.10619639849471842,1,1.0,4,1,0,0,0,0,0,1,3,0
0.10619639849471842,1,1.0,4,1,0,0,0,0,0,1,3,0
0.10619639849471842,1,1.0,4,1,0,0,0,0,0,1,3,0
-0.29739895186773435,-1,-1.0,4,1,0,0,0,1,2,1,1,0
-0.29739895186773435,-1,-1.0,4,1,0,0,0,1,2,1,1,0
-0.008696221188076187,1,-1.0,4,0,0,2,1,2,1,1,3,0
-0.15175633400739955,-1,-1.0,4,0,2,0,0,0,0,1,1,0
-0.3368178106433937,-1,-1.0,4,1,2,0,0,2,2,1,2,0
-0.3686241569528645,-1,-1.0,4,1,2,0,0,1,0,1,2,0
0.07830302035570266,1,1.0,4,1,0,0,1,0,0,1,3,0
-0.23289818460148304,1,-1.0,4,1,0,0,1,0,0,1,2,1
-0.11892358341824844,-1,-1.0,4,1,2,0,0,0,0,1,1,0
-0.1035539950763533,-1,-1.0,4,0,2,0,0,1,2,1,1,1
-0.4198618319046413,1,-1.0,4,1,0,0,0,0,0,1,2,0
-0.1964870129783348,1,-1.0,4,1,0,0,0,1,2,1,2,0
-0.09670720466627013,1,-1.0,4,1,0,0,0,0,2,1,1,0
-0.29739895186773435,-1,-1.0,4,1,0,0,0,1,2,1,1,0
0.1762744305162145,1,1.0,4,1,2,0,0,0,0,1,3,0
-0.2164783955646812,-1,-1.0,4,1,2,0,0,1,2,1,2,0
-0.15175633400739955,-1,-1.0,4,0,2,0,0,0,0,1,1,0
0.06489450632811497,1,1.0,4,0,2,0,1,0,2,1,2,1
0.11306883037833416,1,1.0,4,0,0,0,0,0,0,1,2,0
0.004978860654087702,-1,1.0,4,0,2,0,0,0,0,1,2,0
-0.2931538628088957,-1,-1.0,4,1,2,0,0,1,2,1,1,1
-0.11892358341824844,-1,-1.0,4,1,2,0,0,0,0,1,1,0
0.08447933191069064,1,1.0,4,0,2,2,1,2,1,1,0,0
-0.5289123654621193,-1,-1.0,4,1,0,0,0,1,0,1,1,0
-0.35694289077224434,-1,-1.0,4,1,2,0,0,1,2,1,1,0
-0.16872778975048403,-1,-1.0,4,0,2,0,1,0,0,1,1,0
-0.011372042903024257,-1,-1.0,4,0,2,0,0,1,2,1,2,0
-0.35500375381038574,-1,-1.0,4,0,2,0,0,1,0,1,1,0
0.09726398792055799,1,1.0,4,1,2,0,0,0,0,1,0,0
-0.046074565309107876,1,-1.0,4,1,2,0,0,0,0,1,1,1
-0.019558245299800048,1,-1.0,4,0,1,0,0,0,2,1,1,1
0.07081865815552948,1,1.0,4,0,1,0,0,0,0,1,2,1
0.09726398792055799,1,1.0,4,1,2,0,0,0,0,1,0,0
0.04303050908161324,-1,1.0,4,0,1,0,0,0,0,1,2,0
-0.20138020934944623,-1,-1.0,4,1,0,0,0,1,2,1,1,1
-0.1323462896371384,-1,-1.0,4,0,0,1,0,1,2,1,1,0
0.10619639849471842,1,1.0,4,1,0,0,0,0,0,1,3,0
-0.29739895186773435,-1,-1.0,4,1,0,0,0,1,2,1,1,0
-0.1632202357658465,-1,-1.0,4,0,0,0,0,1,2,1,1,0
-0.35694289077224434,-1,-1.0,4,1,2,0,0,1,2,1,1,0
-0.13483867553283643,-1,-1.0,4,0,0,0,0,0,0,1,1,1
-0.5289123654621193,-1,-1.0,4,1,0,0,0,1,0,1,1,0
-0.003488381109637449,1,-1.0,4,1,0,0,0,0,2,1,0,0
-0.5289123654621193,-1,-1.0,4,1,0,0,0,1,0,1,1,0
-0.49767649838277916,-1,-1.0,4,1,1,0,0,1,0,1,1,1
-0.14579573430467876,-1,-1.0,4,0,0,0,0,0,0,1,1,0
0.10619639849471842,1,1.0,4,1,0,0,0,0,0,1,3,0
0.6402025434464095,1,1.0,4,0,0,0,0,0,0,1,3,0
-0.02885345959744483,1,-1.0,4,0,0,0,0,0,0,1,0,0
-0.02386009078720063,-1,-1.0,4,1,2,0,0,0,0,1,2,0
-0.35694289077224434,-1,-1.0,4,1,2,0,0,1,2,1,1,0
-0.36916022675378074,-1,-1.0,4,1,1,0,0,1,2,1,1,0
-0.003586388990445803,1,-1.0,4,0,1,0,0,0,0,1,0,0
0.11306883037833416,-1,1.0,4,0,0,0,0,0,0,1,2,0
0.05075397671988244,1,1.0,4,1,2,0,0,0,2,1,3,0
-0.14579573430467876,1,-1.0,4,0,0,0,0,0,0,1,1,0
-0.02885345959744483,1,-1.0,4,0,0,0,0,0,0,1,0,0
-0.11892358341824844,-1,-1.0,4,1,2,0,0,0,0,1,1,0
-0.014631833083332976,1,-1.0,4,1,0,2,1,2,1,1,3,0
-0.009069656490345171,-1,-1.0,4,0,2,2,0,1,2,1,2,1
-0.14899257925851492,1,-1.0,4,0,1,0,0,0,0,1,1,1
-0.5289123654621193,-1,-1.0,4,1,0,0,0,1,0,1,1,0
-0.27958196126292467,-1,-1.0,4,1,0,0,0,0,0,1,1,1
-0.04675152863790609,1,-1.0,4,1,1,0,0,1,2,1,0,0
-0.14579573430467876,-1,-1.0,4,0,0,0,0,0,0,1,1,0
-0.35500375381038574,-1,-1.0,4,0,2,0,0,1,0,1,1,0
-0.14579573430467876,1,-1.0,4,0,0,0,0,0,0,1,1,0
0.42353469155679097,1,1.0,4,0,1,0,0,0,0,1,3,0
-0.04998332650780005,1,-1.0,4,0,2,0,1,0,0,1,2,0
-0.07907383507867753,1,-1.0,4,1,0,0,0,0,0,1,0,0
-0.5920193389204436,-1,-1.0,4,1,2,0,0,2,2,1,1,0
-0.018733328090406176,1,-1.0,4,1,2,1,0,1,2,1,0,0
-0.35694289077224434,-1,-1.0,4,1,2,0,0,1,2,1,1,0
0.017357530385567796,1,1.0,4,0,1,0,0,0,2,1,2,1
0.10619639849471842,1,1.0,4,1,0,0,0,0,0,1,3,0
-0.5235876627304669,-1,-1.0,4,1,1,0,0,1,0,1,2,0
-0.14899257925851492,-1,-1.0,4,0,1,0,0,0,0,1,1,1
-0.04185268867461387,1,-1.0,4,1,2,0,0,0,2,1,2,0
-0.2164783955646812,-1,-1.0,4,1,2,0,0,1,2,1,2,0
-0.02235526708827091,-1,-1.0,4,0,2,1,0,1,2,1,2,0
-0.045445011779522496,1,-1.0,4,0,0,0,0,0,0,1,0,1
0.01933146729277085,1,1.0,4,1,2,0,1,1,0,1,3,0
0.07050105014457006,1,1.0,4,1,2,0,1,2,2,1,3,0
0.00781690858918727,1,1.0,4,0,2,0,0,0,0,1,0,0
0.0637337789317425,1,1.0,4,1,2,0,0,0,0,1,2,1
-0.255186430329738,-1,-1.0,4,1,2,0,0,1,0,1,1,0
-0.11892358341824844,-1,-1.0,4,1,2,0,0,0,0,1,1,0
0.016965032986796906,1,1.0,4,1,2,0,1,0,2,1,0,0
0.017563815837160865,1,1.0,4,0,1,0,1,0,0,1,2,0
-0.23645366691676264,-1,-1.0,4,1,2,0,1,1,0,1,1,0
-0.08236905752934334,1,-1.0,0,1,1,0,0,0,0,1,2,0
0.07221387369610191,-1,1.0,0,0,2,0,0,0,0,1,1,0
0.16256616081711472,-1,1.0,0,1,2,0,0,0,0,1,2,0
0.27336511038530953,1,1.0,0,0,2,0,0,0,0,1,3,0
0.0027535088597490844,1,1.0,0,0,2,1,0,0,0,1,0,1
-0.12211924056320908,-1,-1.0,0,0,2,0,0,1,0,1,1,1
-0.054579797515612705,1,-1.0,0,1,2,1,0,2,1,1,0,1
-0.04334963017406448,1,-1.0,0,1,2,0,0,0,0,1,1,0
-0.08222189507242221,1,-1.0,0,1,0,0,0,0,0,1,2,0
-0.04334963017406448,1,-1.0,0,1,2,0,0,0,0,1,1,0
-0.11128821316898718,1,-1.0,0,1,0,0,1,0,0,1,3,0
-0.05191441644231939,-1,-1.0,0,1,2,0,0,2,2,1,1,0
-0.4574290299782851,-1,-1.0,0,1,0,0,1,1,0,1,1,0
-0.02709151724667372,-1,-1.0,0,0,2,2,0,1,2,1,1,0
0.02120108815317369,1,1.0,0,1,0,0,0,0,2,1,0,0
0.027082164548353924,1,1.0,0,1,2,0,0,0,2,1,3,0
-0.15016095224525441,-1,-1.0,0,0,0,0,0,2,2,1,1,0
-0.0695476300341557,1,-1.0,0,0,0,0,0,1,2,1,0,0
0.06366152916125228,1,1.0,0,0,2,0,0,0,2,1,1,0
-0.04689238365839548,-1,-1.0,0,1,2,0,0,1,0,1,2,0
0.0076876879158292236,1,1.0,0,0,2,0,0,0,0,1,1,1
0.07221387369610191,-1,1.0,0,0,2,0,0,0,0,1,1,0
0.34001104369897545,-1,1.0,0,0,0,0,0,0,0,1,1,0
-0.028916591686514115,1,-1.0,0,1,2,0,0,0,0,1,0,0
-0.08985028389723443,1,-1.0,0,1,1,0,1,0,0,1,0,0
-0.026222045672065375,-1,-1.0,0,1,2,0,0,1,2,1,1,0
0.02698162302374056,-1,1.0,0,0,2,0,0,1,2,1,1,0
-0.04699174583403567,-1,-1.0,0,0,0,1,1,0,0,1,2,0
0.013632043547595205,1,1.0,0,0,2,0,0,0,0,1,0,0
-0.19303637323410733,-1,-1.0,0,1,0,0,0,1,2,1,1,0
0.04298457329504476,1,1.0,0,1,1,0,0,0,0,1,0,1
-0.4146414713591673,1,-1.0,0,1,1,0,1,1,0,1,1,0
0.15760204683575718,-1,1.0,0,0,1,0,0,0,0,1,2,0
-0.06542965280664673,-1,-1.0,0,1,2,0,0,0,0,1,1,1
0.013632043547595205,1,1.0,0,0,2,0,0,0,0,1,0,0
-0.037640572827954286,-1,-1.0,0,0,0,2,0,2,1,1,1,0
-0.0346751751765553,1,-1.0,0,1,2,1,0,2,1,1,1,0
-0.03668381078766471,-1,-1.0,0,0,2,0,1,2,2,1,2,0
0.04806280450679579,1,1.0,0,1,2,0,0,0,2,1,0,0
-0.04334963017406448,-1,-1.0,0,1,2,0,0,0,0,1,1,0
-0.03541335093846891,-1,-1.0,0,0,2,1,0,1,0,1,1,1
0.013632043547595205,1,1.0,0,0,2,0,0,0,0,1,0,0
0.15804468452370327,1,1.0,0,0,1,0,0,0,0,1,3,1
0.1092857928953822,1,1.0,0,0,2,0,1,0,0,1,3,0
0.07221387369610191,-1,1.0,0,0,2,0,0,0,0,1,1,0
-0.04689238365839548,-1,-1.0,0,1,2,0,0,1,0,1,2,0
-0.19303637323410733,-1,-1.0,0,1,0,0,0,1,2,1,1,0
-0.33157960371037604,-1,-1.0,0,1,0,0,0,1,0,1,1,0
0.07227782811194537,1,1.0,0,0,2,1,0,0,2,1,0,0
-0.06480346786306107,1,-1.0,0,0,2,1,1,0,0,1,0,0
0.27336511038530953,1,1.0,0,0,2,0,0,0,0,1,3,0
-0.04334963017406448,-1,-1.0,0,1,2,0,0,0,0,1,1,0
0.0076876879158292236,-1,1.0,0,0,2,0,0,0,0,1,1,1
-0.19243662016862156,-1,-1.0,0,1,2,0,0,1,0,1,1,1
0.06804996616629874,-1,1.0,0,0,2,1,0,1,2,1,1,0
-0.06323642889719885,-1,-1.0,0,1,2,0,0,1,0,1,2,1
-0.25060324074157125,-1,-1.0,0,1,0,0,0,2,2,1,2,1
0.3324909324819699,-1,1.0,0,0,2,0,0,0,0,1,2,0
0.16256616081711472,-1,1.0,0,1,2,0,0,0,0,1,2,0
-0.08222189507242221,1,-1.0,0,1,0,0,0,0,0,1,2,0
-0.028916591686514115,1,-1.0,0,1,2,0,0,0,0,1,0,0
-0.05867854389490123,-1,-1.0,0,1,2,0,1,1,0,1,2,0
-0.08222189507242221,-1,-1.0,0,1,0,0,0,0,0,1,2,0
0.17940759852853927,-1,1.0,0,0,0,0,0,0,0,1,1,1
-0.24534209833579215,-1,-1.0,0,0,0,0,0,1,0,1,1,0
-0.2487606515258399,-1,-1.0,0,1,0,0,0,1,0,1,2,0
0.34001104369897545,1,1.0,0,0,0,0,0,0,0,1,1,0
0.2068116394038851,1,1.0,0,0,1,0,0,0,0,1,0,0
0.015233503414451809,1,1.0,0,1,2,0,0,0,2,1,1,1
-0.026925850335353007,-1,-1.0,0,1,2,0,0,2,1,1,2,0
0.34001104369897545,-1,1.0,0,0,0,0,0,0,0,1,1,0
-0.004543707619890947,1,-1.0,0,0,2,1,1,1,2,1,3,0
0.07174637117739699,1,1.0,0,0,0,0,0,0,2,1,2,0
0.16256616081711472,-1,1.0,0,1,2,0,0,0,0,1,2,0
0.02698162302374056,-1,1.0,0,0,2,0,0,1,2,1,1,0
-0.11128821316898718,1,-1.0,0,1,0,0,1,0,0,1,3,0
-0.028916591686514115,1,-1.0,0,1,2,0,0,0,0,1,0,0
0.024244215515285487,1,1.0,0,0,2,1,0,0,0,1,0,0
0.01163492525321053,1,1.0,0,1,1,2,1,0,2,1,2,0
-0.08079586748565945,-1,-1.0,0,1,2,1,0,1,0,1,1,1
-0.03636439140191117,1,-1.0,0,1,2,1,0,1,2,1,1,1
0.009342329614694545,1,1.0,0,1,2,0,1,1,2,1,3,0
0.19019144109352742,1,1.0,0,1,1,0,0,0,0,1,3,1
-0.1386176520488421,-1,-1.0,0,1,0,1,0,1,2,1,1,1
0.15452190886334913,-1,1.0,0,0,0,0,0,0,0,1,2,0
-0.10944269405213326,-1,-1.0,0,0,1,0,0,2,2,1,1,0
-0.09142407359969143,-1,-1.0,0,0,2,1,0,2,2,1,1,0
-0.13461045638346258,-1,-1.0,0,0,2,0,0,1,0,1,1,0
-0.24598895937990709,-1,-1.0,0,0,1,0,0,1,0,1,1,0
-0.02805971835325919,-1,-1.0,0,1,2,0,1,2,2,1,1,0
0.17940759852853927,1,1.0,0,0,0,0,0,0,0,1,1,1
0.11692500561492541,1,1.0,0,1,1,0,0,0,0,1,0,0
0.17076975874180342,1,1.0,0,1,2,0,0,0,0,1,3,0
0.02698162302374056,-1,1.0,0,0,2,0,0,1,2,1,1,0
-0.06973453755166434,1,-1.0,0,1,2,0,1,0,0,1,0,1
0.04085877361230638,1,1.0,0,1,2,1,0,2,1,1,3,0
-0.24598895937990709,-1,-1.0,0,0,1,0,0,1,0,1,1,0
-0.03301352099188268,1,-1.0,0,1,2,1,1,0,0,1,1,0
-0.028916591686514115,1,-1.0,0,1,2,0,0,0,0,1,0,0
0.02698162302374056,-1,1.0,0,0,2,0,0,1,2,1,1,0
-0.08233406140955653,-1,-1.0,0,0,1,0,0,1,2,1,2,0
-0.05191441644231939,-1,-1.0,0,1,2,0,0,2,2,1,1,0
-0.03492173174955063,-1,-1.0,0,1,2,2,0,2,1,1,1,0
0.03445016613088994,-1,1.0,0,0,2,0,1,1,0,1,3,0
-0.19243662016862156,-1,-1.0,0,1,2,0,0,1,0,1,1,1
-0.04334963017406448,-1,-1.0,0,1,2,0,0,0,0,1,1,0
-0.15252230827445276,-1,-1.0,0,1,1,0,0,1,0,1,2,1
0.06804996616629874,-1,1.0,0,0,2,1,0,1,2,1,1,0
-0.008097104545271228,1,-1.0,0,0,2,0,0,0,0,1,0,1
-0.0321797378047467,-1,-1.0,0,1,2,1,1,2,2,1,2,1
-0.028916591686514115,1,-1.0,0,1,2,0,0,0,0,1,0,0
-0.03319965028638218,1,-1.0,0,0,2,1,0,2,1,1,0,0
0.15760204683575718,-1,1.0,0,0,1,0,0,0,0,1,2,0
-0.04334963017406448,-1,-1.0,0,1,2,0,0,0,0,1,1,0
-0.10910968634403613,1,-1.0,0,0,2,0,1,1,0,1,0,0
0.10879699514973756,1,1.0,0,1,2,1,1,0,0,1,3,0
-0.07750555625398776,-1,-1.0,0,1,2,0,0,2,2,1,1,1
-0.09787739431006162,1,-1.0,0,0,2,2,1,2,1,1,1,1
0.03355808455199546,1,1.0,0,0,1,0,1,0,0,1,3,1
0.1092857928953822,1,1.0,0,0,2,0,1,0,0,1,3,0
-0.1275576829568592,-1,-1.0,0,0,0,0,0,1,2,1,2,0
0.3324909324819699,-1,1.0,0,0,2,0,0,0,0,1,2,0
-0.01002467983446794,-1,-1.0,0,1,2,1,1,2,1,1,1,0
-0.10910968634403613,1,-1.0,0,0,2,0,1,1,0,1,0,0
0.05292463589908,1,1.0,0,1,2,2,1,0,0,1,3,0
0.04806280450679579,1,1.0,0,1,2,0,0,0,2,1,0,0
-0.13461045638346258,-1,-1.0,0,0,2,0,0,1,0,1,1,0
-0.009738798700281147,-1,-1.0,0,0,2,1,0,1,0,1,1,0
-0.21433059049095643,-1,-1.0,0,0,2,0,1,1,0,1,1,0
-0.06542965280664673,-1,-1.0,0,1,2,0,0,0,0,1,1,1
0.002542304010458603,1,1.0,0,1,0,0,0,0,0,1,1,0
0.18341967067945392,1,1.0,0,0,0,0,0,0,0,1,0,1
0.003765528812438166,1,1.0,0,1,2,2,0,2,1,1,3,1
-0.06550114218719878,-1,-1.0,0,1,2,0,0,1,2,1,1,1
-0.0009214656696052113,1,-1.0,0,1,2,2,0,0,0,1,0,0
0.16256616081711472,1,1.0,0,1,2,0,0,0,0,1,2,0
0.34001104369897545,1,1.0,0,0,0,0,0,0,0,1,1,0
0.11692500561492541,1,1.0,0,1,1,0,0,0,0,1,0,0
0.006727371976738058,1,1.0,0,0,2,1,0,1,2,1,2,0
-0.22166867706872925,-1,-1.0,0,1,1,0,0,1,2,1,1,1
-0.09142407359969143,-1,-1.0,0,0,2,1,0,2,2,1,1,0
-0.0033974261849131,1,-1.0,0,0,1,0,1,0,0,1,3,0
-0.01963246115782328,1,-1.0,0,1,2,0,0,1,2,1,2,0
-0.04689238365839548,-1,-1.0,0,1,2,0,0,1,0,1,2,0
0.06868813228632056,1,1.0,0,0,2,0,0,0,2,1,0,0
0.012627195247273133,1,1.0,0,1,2,1,1,1,2,1,0,0
-0.025243343477999135,-1,-1.0,0,0,2,1,0,1,2,1,2,1
-0.026073416054600673,-1,-1.0,0,0,2,1,0,2,1,1,2,0
0.3363231893027357,1,1.0,2,0,2,0,0,0,2,1,0,0
-0.09503796230386798,-1,-1.0,2,1,1,2,0,1,0,1,1,1
-0.37459984547525754,-1,-1.0,2,1,0,0,0,1,2,1,1,0
-0.17792561463393158,-1,-1.0,2,1,2,0,0,1,2,1,1,0
0.389701851282777,1,1.0,2,1,2,0,0,0,0,1,2,0
-0.46852819198857054,-1,-1.0,2,0,2,0,1,0,0,1,1,0
-0.6128553358856293,-1,-1.0,2,1,2,0,0,1,0,1,1,0
-0.17792561463393158,-1,-1.0,2,1,2,0,0,1,2,1,1,0
-0.23283964671684945,-1,-1.0,2,1,2,1,0,2,1,1,1,0
0.14578321292087576,-1,1.0,2,0,2,2,0,2,1,1,1,0
-0.17792561463393158,-1,-1.0,2,1,2,0,0,1,2,1,1,0
-0.11931907717337557,1,-1.0,2,1,2,0,1,0,0,1,1,0
0.2139901037657124,1,1.0,2,0,2,1,0,1,2,1,3,0
0.14770903382005118,1,1.0,2,1,2,0,0,1,2,1,3,0
0.6806613906025538,1,1.0,2,1,2,0,0,0,0,1,3,0
0.09535224691523878,-1,1.0,2,0,2,2,1,2,2,1,2,0
0.11859243079575618,-1,1.0,2,1,2,1,0,0,0,1,1,0
0.19209343105338256,-1,1.0,2,0,2,1,1,2,2,1,2,0
0.27247675743485045,-1,1.0,2,0,0,0,0,0,0,1,1,0
0.27247675743485045,-1,1.0,2,0,0,0,0,0,0,1,1,0
0.21506564236907832,1,1.0,2,0,0,0,0,0,0,1,3,0
0.39201221626557936,1,1.0,2,1,0,0,0,0,0,1,0,0
-0.36216940854074875,-1,-1.0,2,1,2,1,0,2,2,1,1,0
-0.05323981373912235,-1,-1.0,2,1,2,1,0,1,2,1,1,0
0.23384603118057878,1,1.0,2,0,2,0,0,0,2,1,3,0
-0.6722532315460497,-1,-1.0,2,0,2,0,1,1,0,1,1,0
0.05998094654658642,1,1.0,2,1,2,2,0,2,1,1,1,0
0.12819378824149316,1,1.0,2,0,2,2,1,2,1,1,3,0
0.07108252221396,1,1.0,2,0,1,0,0,0,0,1,1,0
0.5177749042436702,1,1.0,2,0,2,0,0,0,0,1,3,1
-0.07155684991067814,-1,-1.0,2,1,2,1,0,2,2,1,2,0
0.0852310672082492,1,1.0,2,1,1,1,0,0,0,1,1,0
-0.07743650971439203,-1,-1.0,2,1,2,0,0,1,2,1,2,0
-0.30080450324318064,-1,-1.0,2,0,0,2,0,0,0,1,2,0
-0.04994837816373629,1,-1.0,2,0,2,0,1,0,0,1,0,0
0.1926465129564028,-1,1.0,2,0,2,2,1,0,0,1,2,0
0.21969415174024298,-1,1.0,2,0,2,2,1,0,0,1,3,0
0.046524623488455236,1,1.0,2,1,2,2,1,0,2,1,2,0
-0.36216940854074875,-1,-1.0,2,1,2,1,0,2,2,1,1,0
0.5024437946905485,1,1.0,2,0,2,1,0,0,0,1,2,0
0.16086944395956043,-1,1.0,2,1,2,1,1,2,1,1,2,1
-0.37459984547525754,-1,-1.0,2,1,0,0,0,1,2,1,1,0
0.5501789850936182,1,1.0,2,0,1,0,0,0,0,1,0,0
0.06413969866100819,1,1.0,2,0,2,0,0,2,1,1,3,1
-0.00022399230783562776,-1,-1.0,2,0,0,0,0,0,0,1,1,1
0.4090761029122889,-1,1.0,2,1,1,1,0,0,0,1,2,0
0.15357856192146443,1,1.0,2,1,1,0,0,0,0,1,2,0
0.15357856192146443,1,1.0,2,1,1,0,0,0,0,1,2,0
0.07108252221396,-1,1.0,2,0,1,0,0,0,0,1,1,0
-0.11138990638595744,1,-1.0,2,0,2,1,0,2,1,1,1,0
0.646861286556812,1,1.0,2,1,2,1,1,0,0,1,3,0
-0.39644803693080877,-1,-1.0,2,1,2,0,1,1,0,1,1,0
-0.11931907717337557,-1,-1.0,2,1,2,0,1,0,0,1,1,0
0.11611489741222089,-1,1.0,2,1,2,2,1,2,2,1,2,0
-0.19316042733643418,-1,-1.0,2,0,2,0,0,0,0,1,1,0
-0.33567252242422635,-1,-1.0,2,1,0,0,0,1,2,1,1,1
-0.17792561463393158,-1,-1.0,2,1,2,0,0,1,2,1,1,0
0.2936277024824242,1,1.0,2,0,2,1,1,1,2,1,3,0
-0.37459984547525754,-1,-1.0,2,1,0,0,0,1,2,1,1,0
-0.38751302359136247,-1,-1.0,2,0,1,0,0,2,1,1,1,0
-0.7296624252230335,-1,-1.0,2,1,1,0,0,1,0,1,1,0
0.389701851282777,-1,1.0,2,1,2,0,0,0,0,1,2,0
0.22759557828559554,1,1.0,2,1,2,0,0,0,0,1,0,0
0.2939520400564476,-1,1.0,2,1,2,2,1,2,1,1,2,0
0.05998094654658642,-1,1.0,2,1,2,2,0,2,1,1,1,0
0.02534440229079824,-1,1.0,2,0,2,0,0,1,2,1,1,0
-0.0037542346881153854,1,-1.0,2,1,2,2,1,0,0,1,0,0
-0.0037542346881153854,1,-1.0,2,1,2,2,1,0,0,1,0,0
-0.05199408030648364,-1,-1.0,2,1,0,0,0,0,0,1,1,0
-0.51122665044516,-1,-1.0,2,1,0,0,0,1,0,1,1,0
0.10253748044510734,-1,1.0,2,0,2,0,0,1,2,1,2,0
0.15357856192146443,1,1.0,2,1,1,0,0,0,0,1,2,0
0.02534440229079824,-1,1.0,2,0,2,0,0,1,2,1,1,0
0.11859243079575618,-1,1.0,2,1,2,1,0,0,0,1,1,0
0.3336157627284782,1,1.0,2,1,2,1,0,0,2,1,0,0
-0.17792561463393158,-1,-1.0,2,1,2,0,0,1,2,1,1,0
-0.19980407996926544,1,-1.0,2,0,0,0,0,1,2,1,1,1
0.4901753448549335,1,1.0,2,1,2,0,1,0,0,1,3,0
-0.07743650971439203,-1,-1.0,2,1,2,0,0,1,2,1,2,0
0.21506564236907832,1,1.0,2,0,0,0,0,0,0,1,3,0
0.10253748044510734,-1,1.0,2,0,2,0,0,1,2,1,2,0
0.6806613906025538,1,1.0,2,1,2,0,0,0,0,1,3,0
0.389701851282777,-1,1.0,2,1,2,0,0,0,0,1,2,0
-0.07113639609619343,-1,-1.0,2,1,1,0,0,0,0,1,1,0
-0.0659306416872869,1,-1.0,2,1,2,2,0,2,1,1,0,1
0.02534440229079824,-1,1.0,2,0,2,0,0,1,2,1,1,0
0.05527033180634161,1,1.0,2,1,2,1,1,1,2,1,1,1
-0.02989618107410474,1,-1.0,2,1,2,0,0,0,0,1,1,0
0.07629246653978108,1,1.0,2,0,2,2,1,1,2,1,3,0
0.18236106244059685,1,1.0,2,1,0,0,0,1,2,1,3,0
-0.51122665044516,-1,-1.0,2,1,0,0,0,1,0,1,1,0
0.3339262821555024,-1,1.0,2,1,2,2,1,0,0,1,3,0
0.5501789850936182,1,1.0,2,0,1,0,0,0,0,1,0,0
0.8021849532526609,1,1.0,2,0,2,0,0,0,0,1,3,0
-0.8847803973139307,-1,-1.0,2,1,2,0,0,1,0,1,1,1
-0.6663956283066468,-1,-1.0,2,1,2,0,0,1,0,1,2,1
-0.39644803693080877,-1,-1.0,2,1,2,0,1,1,0,1,1,0
0.6323428322141444,-1,1.0,2,1,2,1,0,0,0,1,2,0
0.024495816228411862,-1,1.0,2,1,2,1,0,1,2,1,2,0
-0.0400039090041489,1,-1.0,2,0,2,0,0,2,2,1,0,1
0.18756189943955076,-1,1.0,2,0,1,0,0,0,0,1,2,0
-0.05323981373912235,-1,-1.0,2,1,2,1,0,1,2,1,1,0
-0.24267858725956656,-1,-1.0,2,1,2,0,1,1,0,1,2,0
-0.11138990638595744,-1,-1.0,2,0,2,1,0,2,1,1,1,0
-0.05919871479323295,-1,-1.0,2,1,2,1,0,1,0,1,2,0
-0.3711173689145078,-1,-1.0,2,1,2,1,0,1,0,1,1,0
-0.5122846656835173,-1,-1.0,2,1,2,0,0,1,0,1,2,0
0.09356914855213609,1,1.0,3,0,2,2,0,2,1,1,3,1
0.285747565657875,1,1.0,3,1,2,0,0,0,0,1,0,0
-0.1950224108530333,-1,-1.0,3,1,2,1,0,1,0,1,2,0
-0.1950224108530333,-1,-1.0,3,1,2,1,0,1,0,1,2,0
-0.7672070305766859,-1,-1.0,3,1,0,0,0,2,2,1,1,0
-0.004311178911994439,1,-1.0,1,0,1,0,1,0,0,0,0,0
-0.04849189770005602,-1,-1.0,1,1,0,0,0,1,2,0,2,0
0.03886527593526841,1,1.0,1,0,0,0,0,0,0,0,2,1
-0.0452323557549903,-1,-1.0,4,1,2,0,0,1,0,0,1,0
-0.06073334192150869,-1,-1.0,4,0,2,0,0,1,0,0,1,0
-0.02643708769319123,1,-1.0,4,1,2,1,0,2,1,0,0,1
-0.018218845432670785,1,-1.0,4,1,2,0,0,0,2,0,1,0
0.0006667856111304566,-1,1.0,0,1,2,0,0,0,0,0,2,1
-0.013192248280122606,-1,-1.0,0,1,2,0,0,1,2,0,1,1
0.00577387849278586,1,1.0,0,0,0,0,1,0,0,0,0,0
-0.0025856520049223662,1,-1.0,0,1,0,0,0,0,0,0,1,0
0.003432112811131873,-1,1.0,0,0,2,0,0,0,0,0,1,0
0.009398026824866148,1,1.0,0,0,0,0,0,0,2,0,3,1
0.010177844785104424,-1,1.0,0,0,2,2,0,0,0,0,1,0
-0.008537945409973543,-1,-1.0,0,1,2,1,0,1,2,0,2,0
-0.01504806648870579,-1,-1.0,0,1,2,2,0,2,1,0,2,1
-0.011737277903577342,1,-1.0,0,0,2,0,0,0,0,0,0,0
0.006014398822847534,-1,1.0,0,1,2,1,0,1,0,0,2,0
0.041607179923484755,1,1.0,0,0,2,0,0,0,0,0,3,0
0.041607179923484755,1,1.0,0,0,2,0,0,0,0,0,3,0
0.05407765306172489,1,1.0,0,0,2,0,0,0,0,0,2,0
0.01211684109822029,1,1.0,0,1,1,0,0,0,0,0,0,0
-0.04315479799019234,-1,-1.0,0,1,0,0,0,1,2,0,1,1
-0.015164436384793738,-1,-1.0,0,0,2,2,0,2,1,0,2,0
-0.012847462634853531,-1,-1.0,0,0,2,1,0,1,1,0,1,1
-0.019745166224595045,-1,-1.0,0,1,1,0,0,0,0,0,2,0
-0.006579306485480984,-1,-1.0,0,0,2,0,0,0,0,0,1,1
-0.00644653883953899,1,-1.0,0,0,1,0,0,1,2,0,3,0
-0.024213645201455736,-1,-1.0,0,1,0,1,0,2,2,0,2,0
-0.00816143736210716,1,-1.0,0,0,2,0,0,1,2,0,2,0
-0.0256784839329927,-1,-1.0,0,0,2,0,0,1,0,0,1,1
-0.11497716515559936,-1,-1.0,2,1,1,0,0,1,0,0,2,0
-0.06560073075939941,1,-1.0,2,1,0,0,0,1,2,0,1,0
-0.01986780714225949,-1,-1.0,2,1,2,0,0,1,2,0,2,0
-0.08924999768891442,-1,-1.0,2,1,0,0,0,1,0,0,1,0
-0.03472956189566617,-1,-1.0,2,1,2,0,0,1,2,0,1,0
0.016993130173519905,1,1.0,2,1,2,0,0,0,2,0,3,0
0.03852342455574675,1,1.0,2,1,2,0,1,0,0,0,2,0
0.009915141556565546,-1,1.0,2,1,2,1,0,2,1,0,2,0
-0.10742428635600935,-1,-1.0,2,1,2,0,0,2,1,0,1,1
0.002902345065458053,-1,1.0,2,1,1,2,0,2,1,0,2,0
0.07559257238307754,1,1.0,2,1,2,0,1,0,0,0,3,0
-0.03726745723768321,-1,-1.0,2,1,1,0,0,1,2,0,2,0
0.05150840095907103,-1,1.0,2,1,2,0,0,0,0,0,2,0
0.05150840095907103,-1,1.0,2,1,2,0,0,0,0,0,2,0
0.05150840095907103,1,1.0,2,1,2,0,0,0,0,0,2,0
-0.013325142522398482,1,-1.0,4,0,2,0,0,0,0,0,2,0
-0.009815729577367222,1,-1.0,0,0,1,0,0,1,2,0,0,0
-0.005655807958074241,1,-1.0,0,0,1,2,0,0,0,0,0,0
-0.006383290369829703,1,-1.0,0,0,2,0,0,1,2,0,0,0
-0.02663409781993859,-1,-1.0,0,0,2,0,0,1,0,0,1,0
-0.03404564491399491,1,-1.0,0,1,0,0,0,1,2,0,2,0
-0.024792478241887385,-1,-1.0,0,0,2,2,0,2,1,0,1,0
0.05407765306172489,1,1.0,0,0,2,0,0,0,0,0,2,0
-0.03269251330428427,-1,-1.0,1,1,0,1,0,1,2,0,1,0
-0.016355842765410335,-1,-1.0,1,1,0,2,0,1,2,0,2,0
-0.04094418770797745,-1,-1.0,1,1,0,1,0,2,1,0,1,0
0.0986137664209263,1,1.0,1,1,0,0,0,0,0,0,0,0
0.0010366604428805205,-1,1.0,1,0,2,0,0,1,2,0,1,0
0.05710560326164288,1,1.0,1,0,0,0,0,0,0,0,0,1
0.04788485278595701,-1,1.0,1,0,0,0,0,0,0,0,1,1
0.09392390731650857,1,1.0,1,1,0,0,0,0,0,0,3,1
-0.08445367370986089,-1,-1.0,1,0,2,0,0,1,0,0,1,0
-0.009336211799935892,1,-1.0,1,0,0,0,0,1,2,0,0,0
0.12394226323601124,1,1.0,1,0,0,0,0,0,0,0,0,0
-0.05003722917348197,-1,-1.0,1,1,0,0,0,1,2,0,1,0
-0.032479872599992216,-1,-1.0,1,0,0,0,0,1,2,0,1,0
0.019611575219726028,1,1.0,1,0,2,0,0,0,2,0,0,0
-0.012704007130020456,1,-1.0,1,1,0,0,0,1,2,0,0,0
0.04604262800010945,1,1.0,1,0,0,0,0,0,2,0,3,0
0.0034231574288392224,1,1.0,1,0,0,0,0,0,2,0,0,1
-0.07552644068906017,-1,-1.0,1,1,0,0,0,1,0,0,1,1
0.045726865946428975,1,1.0,1,1,0,0,0,0,0,0,0,1
0.030033920444476246,1,1.0,1,1,0,0,0,0,0,0,3,0
0.04638599984228471,1,1.0,1,1,1,0,0,0,0,0,3,0
0.10948271410945636,-1,1.0,1,0,0,0,0,0,0,0,1,0
-0.018157758122267123,-1,-1.0,1,0,0,0,0,1,2,0,2,0
0.12394226323601124,1,1.0,1,0,0,0,0,0,0,0,0,0
-0.017554787036593966,-1,-1.0,1,1,2,0,0,0,0,0,1,0
-0.03127698094233877,1,-1.0,1,1,0,0,0,0,0,0,2,0
-0.06191740427274775,-1,-1.0,1,0,0,0,0,1,0,0,2,0
-0.028682702696764165,-1,-1.0,1,1,0,2,0,1,0,0,1,0
-0.06778724259912605,-1,-1.0,1,0,0,0,0,1,0,0,1,0
-0.09630148262812259,-1,-1.0,1,1,0,0,0,1,0,0,1,0
-0.09630148262812259,-1,-1.0,1,1,0,0,0,1,0,0,1,0
0.030033920444476246,1,1.0,1,1,0,0,0,0,0,0,3,0
-0.06804753071729959,-1,-1.0,1,1,0,0,0,1,2,0,1,1
0.00812484477595626,1,1.0,1,0,0,0,0,0,2,0,0,0
-0.06605936937427853,-1,-1.0,1,0,0,0,0,1,0,0,1,1
-0.032479872599992216,-1,-1.0,1,0,0,0,0,1,2,0,1,0
-0.04849189770005602,-1,-1.0,1,1,0,0,0,1,2,0,2,0
-0.08486247843366224,-1,-1.0,1,1,0,0,0,1,0,0,2,0
-0.09630148262812259,-1,-1.0,1,1,0,0,0,1,0,0,1,0
-0.042551578519827375,-1,-1.0,1,0,0,0,0,1,2,0,1,1
0.11720168126726255,1,1.0,1,0,2,0,0,0,0,0,3,0
-0.01605618690382921,1,-1.0,1,1,2,0,0,2,2,0,0,0
-0.03127698094233877,-1,-1.0,1,1,0,0,0,0,0,0,2,0
0.11720168126726255,1,1.0,1,0,2,0,0,0,0,0,3,0
0.07288855887044199,1,1.0,1,1,2,0,0,0,0,0,3,0
-0.07552644068906017,-1,-1.0,1,1,0,0,0,1,0,0,1,1
0.10948271410945636,-1,1.0,1,0,0,0,0,0,0,0,1,0
-0.005073516612948229,1,-1.0,1,0,2,0,0,0,0,0,1,0
0.00812484477595626,1,1.0,1,0,0,0,0,0,2,0,0,0
-0.01196526072397571,1,-1.0,1,0,2,2,0,2,1,0,2,1
0.0071669421070347135,1,1.0,1,1,0,0,0,0,2,0,0,0
-0.08686731730497486,-1,-1.0,1,1,2,0,0,1,0,0,1,0
-0.028363881810990914,-1,-1.0,1,0,2,1,0,2,1,0,1,0
0.09392390731650857,1,1.0,1,1,0,0,0,0,0,0,3,1
0.04788485278595701,1,1.0,1,0,0,0,0,0,0,0,1,1
-0.05003722917348197,-1,-1.0,1,1,0,0,0,1,2,0,1,0
-0.006651334160305609,1,-1.0,1,1,2,0,0,1,2,0,3,1
-0.06778219262435227,-1,-1.0,4,1,1,0,0,1,2,0,1,0
-0.012973513819079917,1,-1.0,4,0,2,0,0,0,2,0,1,0
-0.01108159542026437,1,-1.0,4,0,1,0,0,0,0,0,2,0
-0.029762640704951233,-1,-1.0,4,0,1,0,0,1,2,0,1,1
-0.10230174752197115,-1,-1.0,4,1,1,0,0,1,0,0,1,0
-0.026605715374933274,1,-1.0,4,1,0,0,0,0,0,0,0,0
0.0003875945197567808,-1,1.0,4,0,0,0,0,0,0,0,2,0
-0.05803124206368426,-1,-1.0,4,1,0,0,0,1,2,0,1,0
-0.015642878752429687,1,-1.0,4,1,2,0,0,0,0,0,2,0
-0.029762640704951233,-1,-1.0,4,0,1,0,0,1,2,0,1,1
-0.022665046921374145,1,-1.0,4,0,2,0,0,0,0,0,0,1
-0.009508192930475676,1,-1.0,4,1,2,1,0,2,1,0,3,0
-0.10138720892448222,1,-1.0,4,1,0,0,0,0,0,0,2,0
-0.03127931216184742,1,-1.0,4,1,1,1,0,0,0,0,2,0
-0.05716565566711442,-1,-1.0,4,0,0,0,0,1,0,0,1,0
-0.03634899233333322,-1,-1.0,4,0,2,0,0,0,0,0,1,0
-0.01359363766968175,1,-1.0,4,0,2,0,0,1,2,0,0,1
0.004911319780437658,1,1.0,4,0,0,0,0,0,2,0,3,0
-0.10600863050725688,-1,-1.0,4,1,0,0,0,1,0,0,1,1
-0.06463434533488763,-1,-1.0,4,1,0,1,0,1,0,0,1,0
-0.016567143738938316,1,-1.0,4,0,0,0,0,1,2,0,0,0
-0.03634899233333322,-1,-1.0,4,0,2,0,0,0,0,0,1,0
-0.03634561180472819,-1,-1.0,4,0,2,0,0,1,2,0,1,0
-0.03634561180472819,-1,-1.0,4,0,2,0,0,1,2,0,1,0
-0.046004034454519255,-1,-1.0,4,1,2,0,0,1,0,0,1,1
-0.038694265650344,-1,-1.0,4,1,2,0,0,1,2,0,2,0
0.0003875945197567808,1,1.0,4,0,0,0,0,0,0,0,2,0
0.09477918628181772,1,1.0,4,0,0,0,0,0,0,0,3,0
-0.01506664016313369,-1,-1.0,4,0,2,1,0,2,1,0,2,1
-0.10138720892448222,1,-1.0,4,1,0,0,0,0,0,0,2,0
-0.06439007987102545,-1,-1.0,4,1,2,0,0,1,2,0,1,0
-0.05803124206368426,-1,-1.0,4,1,0,0,0,1,2,0,1,0
-0.040986896141151516,-1,-1.0,4,1,0,0,0,1,2,0,2,0
0.009412037214279505,1,1.0,4,1,2,0,0,0,0,0,0,0
-0.0019370886249145281,1,-1.0,4,1,2,1,0,0,2,0,3,0
-0.048698319283441094,-1,-1.0,4,0,2,0,0,2,2,0,1,1
-0.0693696718985676,-1,-1.0,4,1,0,0,0,0,0,0,2,1
-0.015642878752429687,-1,-1.0,4,1,2,0,0,0,0,0,2,0
0.018581989576198617,-1,1.0,4,1,2,0,0,0,0,0,3,0
-0.07115241946360024,-1,-1.0,4,1,1,0,0,0,0,0,1,0
-0.07262123481712035,-1,-1.0,4,0,1,0,0,1,0,0,1,0
-0.02705884513621033,-1,-1.0,4,1,2,0,0,0,0,0,1,0
-0.056160307218336106,-1,-1.0,4,1,1,0,0,0,0,0,1,1
-0.015888224584152993,1,-1.0,4,0,0,0,0,0,0,0,0,0
0.018581989576198617,1,1.0,4,1,2,0,0,0,0,0,3,0
-0.035298778128523306,-1,-1.0,4,0,0,0,0,1,2,0,1,0
-0.007299953870992706,1,-1.0,4,0,0,0,0,2,1,0,3,0
-0.021149962164683178,1,-1.0,4,1,2,0,0,1,2,0,0,0
-0.009441886986084804,1,-1.0,4,1,0,0,0,1,2,0,3,0
-0.0020971891512281578,1,-1.0,4,0,2,0,0,0,2,0,2,0
-0.07115241946360024,-1,-1.0,4,1,1,0,0,0,0,0,1,0
-0.028598671266477114,-1,-1.0,4,0,0,0,0,1,0,0,2,0
-0.00027500094523949005,-1,-1.0,4,1,2,2,0,2,1,0,2,0
-0.02095428710258541,1,-1.0,4,0,0,1,0,2,1,0,0,1
-0.10516430276779455,1,-1.0,4,1,2,0,0,2,2,0,1,0
-0.015642878752429687,-1,-1.0,4,1,2,0,0,0,0,0,2,0
-0.008188001026204941,-1,-1.0,4,0,1,2,0,0,0,0,2,0
0.0016894536010705827,1,1.0,4,0,1,2,0,0,0,0,3,0
-0.011561751054113325,-1,-1.0,4,0,2,0,0,1,2,0,2,0
-0.008440526955093697,-1,-1.0,4,0,2,1,0,2,1,0,1,0
0.03695926371168873,1,1.0,4,0,1,0,0,0,0,0,3,1
-0.10597281702328543,-1,-1.0,4,1,0,0,0,1,0,0,1,0
-0.009379572384746324,1,-1.0,4,1,0,0,0,0,2,0,0,0
-0.015642878752429687,1,-1.0,4,1,2,0,0,0,0,0,2,0
-0.011561751054113325,-1,-1.0,4,0,2,0,0,1,2,0,2,0
-0.020367599564014856,-1,-1.0,4,0,0,0,0,1,2,0,2,0
-0.05240725238302952,-1,-1.0,4,1,2,0,0,1,2,0,1,1
-0.0452323557549903,-1,-1.0,4,1,2,0,0,1,0,0,1,0
-0.040699025090023766,-1,-1.0,4,0,0,0,0,0,0,0,1,0
-0.011561751054113325,-1,-1.0,4,0,2,0,0,1,2,0,2,0
-0.02018184255717963,1,-1.0,0,1,0,0,0,2,1,0,3,1
-0.012045209011233895,-1,-1.0,0,1,2,0,0,1,2,0,1,0
0.0026682332151486635,-1,1.0,0,1,2,2,0,1,0,0,2,0
-0.00919044520509304,1,-1.0,0,1,2,2,0,0,0,0,0,0
0.0455644921158687,1,1.0,0,1,0,0,0,0,0,0,0,0
-0.02310903347341259,-1,-1.0,0,1,0,1,0,2,1,0,2,0
-0.026697944692596398,-1,-1.0,0,0,0,0,0,1,2,0,1,0
-0.03507104599844728,-1,-1.0,0,1,0,0,0,2,2,0,2,0
-0.008092234130977614,-1,-1.0,0,0,2,0,0,1,2,0,1,0
-0.014281204559672848,1,-1.0,0,1,2,0,0,0,0,0,0,0
-0.057155702254874936,-1,-1.0,0,1,0,0,0,1,0,0,1,0
-0.0036722435478967847,1,-1.0,0,1,0,0,0,0,2,0,0,0
-0.011337649278762452,1,-1.0,0,1,2,0,0,1,2,0,2,0
-0.026697944692596398,-1,-1.0,0,0,0,0,0,1,2,0,1,0
-0.03404564491399491,1,-1.0,0,1,0,0,0,1,2,0,2,0
-0.03562385706648159,-1,-1.0,0,0,0,0,0,1,2,0,2,1
0.041607179923484755,1,1.0,0,0,2,0,0,0,0,0,3,0
-0.007762004167129509,1,-1.0,0,1,2,0,0,1,2,0,0,0
-0.00934418581283057,1,-1.0,0,0,2,0,1,1,2,0,2,0
-0.0016361096399256612,-1,-1.0,0,0,2,0,1,0,0,0,2,0
0.01211684109822029,1,1.0,0,1,1,0,0,0,0,0,0,0
0.010435143698258171,1,1.0,0,0,2,0,1,0,0,0,3,0
-0.024792478241887385,1,-1.0,0,0,2,2,0,2,1,0,1,0
0.013770847103756947,1,1.0,0,1,0,0,0,0,2,0,2,0
-0.02663409781993859,-1,-1.0,0,0,2,0,0,1,0,0,1,0
0.006550711375039191,1,1.0,0,1,1,0,0,0,0,0,3,0
-0.021568938232981893,-1,-1.0,0,1,2,1,0,2,1,0,1,1
0.05581598326427524,1,1.0,0,0,0,0,0,0,0,0,1,0
-0.006383290369829703,1,-1.0,0,0,2,0,0,1,2,0,0,0
-0.00925978418915308,1,-1.0,0,1,0,1,0,1,2,0,3,0
-0.008398781943853849,-1,-1.0,0,0,2,1,0,1,2,0,1,0
-0.03268449949632118,-1,-1.0,0,1,0,0,0,1,2,0,1,0
0.004169323574458296,1,1.0,0,1,0,1,0,0,0,0,3,0
-0.02171103655671463,1,-1.0,0,0,0,1,0,2,1,0,2,0
-0.02419412497157225,-1,-1.0,0,1,1,0,0,2,2,0,1,0
-0.12314661928209615,-1,-1.0,2,0,2,0,1,1,0,0,2,0
-0.03472956189566617,-1,-1.0,2,1,2,0,0,1,2,0,1,0
0.008191433588616279,1,1.0,2,1,2,1,0,1,1,0,2,0
